Workbook

Sheet เรื่องร้องเรียน
A1: ฐานข้อมูลดิบเรื่องร้องเรียน ปีงบประมาณ 2569 | K1: ที่อยู่ปัจจุบัน/ที่มีพฤติการณ์ | S1: รายละเอียดพฤติการณ์ | T1: พฤติการณ์ | X1: ชนิดยาเสพติดที่มีการร้องเรียน | AM1: จำนวนครั้งร้องเรียน | AN1: สน. | AO1: บก.น. | AP1: รายละเอียดพฤติการณ์ กรองแล้ว (จากพิม บก.) | AQ1: ได้รับผลการดำเนินการแล้ว | AR1: การดำเนินการ | BJ1: ชนิดยาเสพติดที่พบพฤติการณ์ | BZ1: วันที่ดำเนินการ/รายงาน | CC1: วันที่ดำเนินการ/บันทึก | CF1: รายละเอียดการดำเนินการ | CG1: เจ้าหน้าที่รัฐ | CH1: ประเภท เจ้าหน้าที่รัฐ | CI1: ประเภทสถานที่ | CL1: ซ้ำในปีงบ | CM1: แหล่งข้อมูล | CN1: ส่งหน่วยปฏิบัติ (จากพิม บก.) | CS1: หมายเหตุผลร้องเรียนซ้ำ | CT1: บำบัด/อาการทางจิต (จากพิม บก.) | CU1: เบอร์โทรศัพท์ผู้ติดต่อกลับ | CV1: ชุมชนเป้าหมาย 2567
AR2: ตรวจพิสูจน์ทราบ | AV2: ดำเนินการ (กรณีพบพฤติการณ์) | BB2: ผลการจับกุม | CI2: สถานบันเทิง/ร้านอาหาร | CJ2: วัด | CK2: สถานประกอบการ | CN2: บช.น. | CO2: บก.สส. | CP2: บก.สปพ. | CQ2: ปปส.กทม. | CR2: อื่นๆ
A3: ที่ | B3: วัน | C3: เดือน | D3: ปี | E3: กลุ่ม | F3: รหัสบุคคล/รหัสข่าว | G3: เพศ | H3: ชื่อ | I3: นามสกุล | J3: เลขที่บัตรประชาชน | K3: ที่อยู่ปัจจุบัน/ที่มีพฤติการณ์ | L3: ชุมชน | M3: แขวง | O3: รหัสชุมชน (Nispa) | P3: พิกัด X | Q3: พิกัด Y | R3: กลุ่มพื้นที่ สูตร | T3: เสพ | U3: ค้า | V3: เสพ/ค้า | W3: ผลิต | X3: ยาบ้า | Y3: ไอซ์ | Z3: ยาอี | AA3: คีตามีน | AB3: โคเคน | AC3: เฮโรอีน | AD3: มอร์ฟีน | AE3: ฝื่น | AF3: กระท่อม | AG3: กัญชา | AH3: สารระเหย | AI3: สี่คูณร้อย | AJ3: ยาใช้ในทางที่ผิด | AK3: วัตถุออกฤทธิ์ | AL3: อื่นๆ | AR3: พบพฤติการณ์ | AS3: ไม่พบพฤติการณ์ | AT3: พิสูจน์ทราบไม่ได้/ไม่พบตัว/ | AU3: เสียชีวิต | AV3: ตรวจค้น | AW3: จับกุม | AX3: หลบหนี | AY3: อยู่ระหว่างสืบสวน/ไม่แน่ใจ | AZ3: บำบัด | BA3: อื่น | BB3: จำหน่าย | BC3: เพื่อจำหน่าย | BD3: คค เพื่อเสพ | BE3: คค ซึ่งยาเสพติด | BF3: ครอบครอง | BG3: เสพ | BH3: ผลิต | BI3: ไม่ระบุ | BJ3: ยาบ้า | BK3: ไอซ์ | BL3: ยาอี | BM3: คีตามีน | BN3: โคเคน | BO3: เฮโรอีน | BP3: มอร์ฟีน | BQ3: ฝิ่น | BR3: กระท่อม | BS3: กัญชา | BT3: สารระเหย | BU3: สี่คูณร้อย | BV3: ยาใช้ในทางที่ผิด | BW3: วัตถุออกฤทธิ์ | BX3: แฮปปี้ วอเตอร์ | BY3: อื่นๆ | CV3: เป้าหมายชุมชน 357 | CW3: ชุมชนกองทุนแม่

Sheet บก.น.1-9
A1: การดำเนินงานต่อข้อร้องเรียนของประชาชน ปีงบประมาณ 2568 ห้วง (1 ตุลาคม 2566 - 4 มิถุนายน 2567)
A2: จำแนกตาม บก.น.1 - 9/สปพ.
A3: บก.น. | B3: รับเรื่อง | F3: ผลการดำเนินงานต่อข้อร้องเรียน
B4: รับ | C4: แจ้งซ้ำในปีงบ | D4: รอตรวจสอบ | E4: เท่ากับระบบDN ตัดซ้ำ | F4: พิสูจน์ทราบ | K4: การดำเนินการ (กรณีพบพฤติการณ์)
F5: พบพฤติการณ์ | G5: ไม่พบพฤติการณ์ | H5: พิสูจน์ทราบไม่ได้ /ไม่พบตัว | I5: รวม | K5: ตรวจค้น | L5: จับกุม | M5: หลบหนี | N5: อยู่ระหว่างสืบสวน | O5: บำบัด | P5: รอผล
I6: จำนวน | J6: ร้อยละ
A7: รวม | B7: =SUM(B8:B17) -> 0 | C7: =SUM(C8:C17) -> 0 | D7: =SUM(D8:D17) -> 0 | E7: =SUM(E8:E17) -> 0 | F7: =SUM(F8:F17) -> 0 | G7: =SUM(G8:G17) -> 0 | H7: =SUM(H8:H17) -> 0 | I7: =SUM(I8:I17) -> 0 | J7: =I7*100/E7 -> #DIV/0! | K7: =SUM(K8:K17) -> 0 | L7: =SUM(L8:L17) -> 0 | M7: =SUM(M8:M17) -> 0 | N7: =SUM(N8:N17) -> 0 | O7: =SUM(O8:O17) -> 0 | P7: =SUM(E7-I7) -> 0
A8: 1 | B8: =COUNTIFS(เรื่องร้องเรียน!AO:AO,"1",เรื่องร้องเรียน!E:E,"<5") -> 0 | C8: =COUNTIFS(เรื่องร้องเรียน!AO:AO,"1",เรื่องร้องเรียน!E:E,"<5",เรื่องร้องเรียน!CL:CL,"1") -> 0 | D8: =COUNTIFS(เรื่องร้องเรียน!AO:AO,"1",เรื่องร้องเรียน!E:E,"<5",เรื่องร้องเรียน!AN:AN,"") -> 0 | E8: =B8-C8-D8 -> 0 | F8: =COUNTIFS(เรื่องร้องเรียน!AO:AO,"1",เรื่องร้องเรียน!E:E,"<5",เรื่องร้องเรียน!AQ:AQ,"1",เรื่องร้องเรียน!AR:AR,"1",เรื่องร้องเรียน!CL:CL,"") -> 0 | G8: =COUNTIFS(เรื่องร้องเรียน!AO:AO,"1",เรื่องร้องเรียน!E:E,"<5",เรื่องร้องเรียน!AQ:AQ,"1",เรื่องร้องเรียน!AS:AS,"1",เรื่องร้องเรียน!CL:CL,"") -> 0 | H8: =COUNTIFS(เรื่องร้องเรียน!AO:AO,"1",เรื่องร้องเรียน!E:E,"<5",เรื่องร้องเรียน!AQ:AQ,"1",เรื่องร้องเรียน!AT:AT,"1",เรื่องร้องเรียน!CL:CL,"") -> 0 | I8: =SUM(F8:H8) -> 0 | J8: =I8*100/E8 -> #DIV/0! | K8: =COUNTIFS(เรื่องร้องเรียน!AO:AO,"1",เรื่องร้องเรียน!E:E,"<5",เรื่องร้องเรียน!AQ:AQ,"1",เรื่องร้องเรียน!AR:AR,"1",เรื่องร้องเรียน!AV:AV,"1",เรื่องร้องเรียน!CL:CL,"") -> 0 | L8: =COUNTIFS(เรื่องร้องเรียน!AO:AO,"1",เรื่องร้องเรียน!E:E,"<5",เรื่องร้องเรียน!AQ:AQ,"1",เรื่องร้องเรียน!AR:AR,"1",เรื่องร้องเรียน!AW:AW,"1",เรื่องร้องเรียน!CL:CL,"") -> 0 | M8: =COUNTIFS(เรื่องร้องเรียน!AO:AO,"1",เรื่องร้องเรียน!E:E,"<5",เรื่องร้องเรียน!AQ:AQ,"1",เรื่องร้องเรียน!AR:AR,"1",เรื่องร้องเรียน!AX:AX,"1",เรื่องร้องเรียน!CL:CL,"") -> 0 | N8: =COUNTIFS(เรื่องร้องเรียน!AO:AO,"1",เรื่องร้องเรียน!E:E,"<5",เรื่องร้องเรียน!AQ:AQ,"1",เรื่องร้องเรียน!AR:AR,"1",เรื่องร้องเรียน!AY:AY,"1",เรื่องร้องเรียน!CL:CL,"") -> 0 | O8: =COUNTIFS(เรื่องร้องเรียน!AO:AO,"1",เรื่องร้องเรียน!E:E,"<5",เรื่องร้องเรียน!AQ:AQ,"1",เรื่องร้องเรียน!AR:AR,"1",เรื่องร้องเรียน!AZ:AZ,"1",เรื่องร้องเรียน!CL:CL,"") -> 0 | P8: =SUM(E8-I8) -> 0
A9: 2 | B9: =COUNTIFS(เรื่องร้องเรียน!AO:AO,"2",เรื่องร้องเรียน!E:E,"<5") -> 0 | C9: =COUNTIFS(เรื่องร้องเรียน!AO:AO,"2",เรื่องร้องเรียน!E:E,"<5",เรื่องร้องเรียน!CL:CL,"1") -> 0 | D9: =COUNTIFS(เรื่องร้องเรียน!AO:AO,"2",เรื่องร้องเรียน!E:E,"<5",เรื่องร้องเรียน!AN:AN,"") -> 0 | E9: =B9-C9-D9 -> 0 | F9: =COUNTIFS(เรื่องร้องเรียน!AO:AO,"2",เรื่องร้องเรียน!E:E,"<5",เรื่องร้องเรียน!AQ:AQ,"1",เรื่องร้องเรียน!AR:AR,"1",เรื่องร้องเรียน!CL:CL,"") -> 0 | G9: =COUNTIFS(เรื่องร้องเรียน!AO:AO,"2",เรื่องร้องเรียน!E:E,"<5",เรื่องร้องเรียน!AQ:AQ,"1",เรื่องร้องเรียน!AS:AS,"1",เรื่องร้องเรียน!CL:CL,"") -> 0 | H9: =COUNTIFS(เรื่องร้องเรียน!AO:AO,"2",เรื่องร้องเรียน!E:E,"<5",เรื่องร้องเรียน!AQ:AQ,"1",เรื่องร้องเรียน!AT:AT,"1",เรื่องร้องเรียน!CL:CL,"") -> 0 | I9: =SUM(F9:H9) -> 0 | J9: =I9*100/E9 -> #DIV/0! | K9: =COUNTIFS(เรื่องร้องเรียน!AO:AO,"2",เรื่องร้องเรียน!E:E,"<5",เรื่องร้องเรียน!AQ:AQ,"1",เรื่องร้องเรียน!AR:AR,"1",เรื่องร้องเรียน!AV:AV,"1",เรื่องร้องเรียน!CL:CL,"") -> 0 | L9: =COUNTIFS(เรื่องร้องเรียน!AO:AO,"2",เรื่องร้องเรียน!E:E,"<5",เรื่องร้องเรียน!AQ:AQ,"1",เรื่องร้องเรียน!AR:AR,"1",เรื่องร้องเรียน!AW:AW,"1",เรื่องร้องเรียน!CL:CL,"") -> 0 | M9: =COUNTIFS(เรื่องร้องเรียน!AO:AO,"2",เรื่องร้องเรียน!E:E,"<5",เรื่องร้องเรียน!AQ:AQ,"1",เรื่องร้องเรียน!AR:AR,"1",เรื่องร้องเรียน!AX:AX,"1",เรื่องร้องเรียน!CL:CL,"") -> 0 | N9: =COUNTIFS(เรื่องร้องเรียน!AO:AO,"2",เรื่องร้องเรียน!E:E,"<5",เรื่องร้องเรียน!AQ:AQ,"1",เรื่องร้องเรียน!AR:AR,"1",เรื่องร้องเรียน!AY:AY,"1",เรื่องร้องเรียน!CL:CL,"") -> 0 | O9: =COUNTIFS(เรื่องร้องเรียน!AO:AO,"2",เรื่องร้องเรียน!E:E,"<5",เรื่องร้องเรียน!AQ:AQ,"1",เรื่องร้องเรียน!AR:AR,"1",เรื่องร้องเรียน!AZ:AZ,"1",เรื่องร้องเรียน!CL:CL,"") -> 0 | P9: =SUM(E9-I9) -> 0
A10: 3 | B10: =COUNTIFS(เรื่องร้องเรียน!AO:AO,"3",เรื่องร้องเรียน!E:E,"<5") -> 0 | C10: =COUNTIFS(เรื่องร้องเรียน!AO:AO,"3",เรื่องร้องเรียน!E:E,"<5",เรื่องร้องเรียน!CL:CL,"1") -> 0 | D10: =COUNTIFS(เรื่องร้องเรียน!AO:AO,"3",เรื่องร้องเรียน!E:E,"<5",เรื่องร้องเรียน!AN:AN,"") -> 0 | E10: =B10-C10-D10 -> 0 | F10: =COUNTIFS(เรื่องร้องเรียน!AO:AO,"3",เรื่องร้องเรียน!E:E,"<5",เรื่องร้องเรียน!AQ:AQ,"1",เรื่องร้องเรียน!AR:AR,"1",เรื่องร้องเรียน!CL:CL,"") -> 0 | G10: =COUNTIFS(เรื่องร้องเรียน!AO:AO,"3",เรื่องร้องเรียน!E:E,"<5",เรื่องร้องเรียน!AQ:AQ,"1",เรื่องร้องเรียน!AS:AS,"1",เรื่องร้องเรียน!CL:CL,"") -> 0 | H10: =COUNTIFS(เรื่องร้องเรียน!AO:AO,"3",เรื่องร้องเรียน!E:E,"<5",เรื่องร้องเรียน!AQ:AQ,"1",เรื่องร้องเรียน!AT:AT,"1",เรื่องร้องเรียน!CL:CL,"") -> 0 | I10: =SUM(F10:H10) -> 0 | J10: =I10*100/E10 -> #DIV/0! | K10: =COUNTIFS(เรื่องร้องเรียน!AO:AO,"3",เรื่องร้องเรียน!E:E,"<5",เรื่องร้องเรียน!AQ:AQ,"1",เรื่องร้องเรียน!AR:AR,"1",เรื่องร้องเรียน!AV:AV,"1",เรื่องร้องเรียน!CL:CL,"") -> 0 | L10: =COUNTIFS(เรื่องร้องเรียน!AO:AO,"3",เรื่องร้องเรียน!E:E,"<5",เรื่องร้องเรียน!AQ:AQ,"1",เรื่องร้องเรียน!AR:AR,"1",เรื่องร้องเรียน!AW:AW,"1",เรื่องร้องเรียน!CL:CL,"") -> 0 | M10: =COUNTIFS(เรื่องร้องเรียน!AO:AO,"3",เรื่องร้องเรียน!E:E,"<5",เรื่องร้องเรียน!AQ:AQ,"1",เรื่องร้องเรียน!AR:AR,"1",เรื่องร้องเรียน!AX:AX,"1",เรื่องร้องเรียน!CL:CL,"") -> 0 | N10: =COUNTIFS(เรื่องร้องเรียน!AO:AO,"3",เรื่องร้องเรียน!E:E,"<5",เรื่องร้องเรียน!AQ:AQ,"1",เรื่องร้องเรียน!AR:AR,"1",เรื่องร้องเรียน!AY:AY,"1",เรื่องร้องเรียน!CL:CL,"") -> 0 | O10: =COUNTIFS(เรื่องร้องเรียน!AO:AO,"3",เรื่องร้องเรียน!E:E,"<5",เรื่องร้องเรียน!AQ:AQ,"1",เรื่องร้องเรียน!AR:AR,"1",เรื่องร้องเรียน!AZ:AZ,"1",เรื่องร้องเรียน!CL:CL,"") -> 0 | P10: =SUM(E10-I10) -> 0
A11: 4 | B11: =COUNTIFS(เรื่องร้องเรียน!AO:AO,"4",เรื่องร้องเรียน!E:E,"<5") -> 0 | C11: =COUNTIFS(เรื่องร้องเรียน!AO:AO,"4",เรื่องร้องเรียน!E:E,"<5",เรื่องร้องเรียน!CL:CL,"1") -> 0 | D11: =COUNTIFS(เรื่องร้องเรียน!AO:AO,"4",เรื่องร้องเรียน!E:E,"<5",เรื่องร้องเรียน!AN:AN,"") -> 0 | E11: =B11-C11-D11 -> 0 | F11: =COUNTIFS(เรื่องร้องเรียน!AO:AO,"4",เรื่องร้องเรียน!E:E,"<5",เรื่องร้องเรียน!AQ:AQ,"1",เรื่องร้องเรียน!AR:AR,"1",เรื่องร้องเรียน!CL:CL,"") -> 0 | G11: =COUNTIFS(เรื่องร้องเรียน!AO:AO,"4",เรื่องร้องเรียน!E:E,"<5",เรื่องร้องเรียน!AQ:AQ,"1",เรื่องร้องเรียน!AS:AS,"1",เรื่องร้องเรียน!CL:CL,"") -> 0 | H11: =COUNTIFS(เรื่องร้องเรียน!AO:AO,"4",เรื่องร้องเรียน!E:E,"<5",เรื่องร้องเรียน!AQ:AQ,"1",เรื่องร้องเรียน!AT:AT,"1",เรื่องร้องเรียน!CL:CL,"") -> 0 | I11: =SUM(F11:H11) -> 0 | J11: =I11*100/E11 -> #DIV/0! | K11: =COUNTIFS(เรื่องร้องเรียน!AO:AO,"4",เรื่องร้องเรียน!E:E,"<5",เรื่องร้องเรียน!AQ:AQ,"1",เรื่องร้องเรียน!AR:AR,"1",เรื่องร้องเรียน!AV:AV,"1",เรื่องร้องเรียน!CL:CL,"") -> 0 | L11: =COUNTIFS(เรื่องร้องเรียน!AO:AO,"4",เรื่องร้องเรียน!E:E,"<5",เรื่องร้องเรียน!AQ:AQ,"1",เรื่องร้องเรียน!AR:AR,"1",เรื่องร้องเรียน!AW:AW,"1",เรื่องร้องเรียน!CL:CL,"") -> 0 | M11: =COUNTIFS(เรื่องร้องเรียน!AO:AO,"4",เรื่องร้องเรียน!E:E,"<5",เรื่องร้องเรียน!AQ:AQ,"1",เรื่องร้องเรียน!AR:AR,"1",เรื่องร้องเรียน!AX:AX,"1",เรื่องร้องเรียน!CL:CL,"") -> 0 | N11: =COUNTIFS(เรื่องร้องเรียน!AO:AO,"4",เรื่องร้องเรียน!E:E,"<5",เรื่องร้องเรียน!AQ:AQ,"1",เรื่องร้องเรียน!AR:AR,"1",เรื่องร้องเรียน!AY:AY,"1",เรื่องร้องเรียน!CL:CL,"") -> 0 | O11: =COUNTIFS(เรื่องร้องเรียน!AO:AO,"4",เรื่องร้องเรียน!E:E,"<5",เรื่องร้องเรียน!AQ:AQ,"1",เรื่องร้องเรียน!AR:AR,"1",เรื่องร้องเรียน!AZ:AZ,"1",เรื่องร้องเรียน!CL:CL,"") -> 0 | P11: =SUM(E11-I11) -> 0
A12: 5 | B12: =COUNTIFS(เรื่องร้องเรียน!AO:AO,"5",เรื่องร้องเรียน!E:E,"<5") -> 0 | C12: =COUNTIFS(เรื่องร้องเรียน!AO:AO,"5",เรื่องร้องเรียน!E:E,"<5",เรื่องร้องเรียน!CL:CL,"1") -> 0 | D12: =COUNTIFS(เรื่องร้องเรียน!AO:AO,"5",เรื่องร้องเรียน!E:E,"<5",เรื่องร้องเรียน!AN:AN,"") -> 0 | E12: =B12-C12-D12 -> 0 | F12: =COUNTIFS(เรื่องร้องเรียน!AO:AO,"5",เรื่องร้องเรียน!E:E,"<5",เรื่องร้องเรียน!AQ:AQ,"1",เรื่องร้องเรียน!AR:AR,"1",เรื่องร้องเรียน!CL:CL,"") -> 0 | G12: =COUNTIFS(เรื่องร้องเรียน!AO:AO,"5",เรื่องร้องเรียน!E:E,"<5",เรื่องร้องเรียน!AQ:AQ,"1",เรื่องร้องเรียน!AS:AS,"1",เรื่องร้องเรียน!CL:CL,"") -> 0 | H12: =COUNTIFS(เรื่องร้องเรียน!AO:AO,"5",เรื่องร้องเรียน!E:E,"<5",เรื่องร้องเรียน!AQ:AQ,"1",เรื่องร้องเรียน!AT:AT,"1",เรื่องร้องเรียน!CL:CL,"") -> 0 | I12: =SUM(F12:H12) -> 0 | J12: =I12*100/E12 -> #DIV/0! | K12: =COUNTIFS(เรื่องร้องเรียน!AO:AO,"5",เรื่องร้องเรียน!E:E,"<5",เรื่องร้องเรียน!AQ:AQ,"1",เรื่องร้องเรียน!AR:AR,"1",เรื่องร้องเรียน!AV:AV,"1",เรื่องร้องเรียน!CL:CL,"") -> 0 | L12: =COUNTIFS(เรื่องร้องเรียน!AO:AO,"5",เรื่องร้องเรียน!E:E,"<5",เรื่องร้องเรียน!AQ:AQ,"1",เรื่องร้องเรียน!AR:AR,"1",เรื่องร้องเรียน!AW:AW,"1",เรื่องร้องเรียน!CL:CL,"") -> 0 | M12: =COUNTIFS(เรื่องร้องเรียน!AO:AO,"5",เรื่องร้องเรียน!E:E,"<5",เรื่องร้องเรียน!AQ:AQ,"1",เรื่องร้องเรียน!AR:AR,"1",เรื่องร้องเรียน!AX:AX,"1",เรื่องร้องเรียน!CL:CL,"") -> 0 | N12: =COUNTIFS(เรื่องร้องเรียน!AO:AO,"5",เรื่องร้องเรียน!E:E,"<5",เรื่องร้องเรียน!AQ:AQ,"1",เรื่องร้องเรียน!AR:AR,"1",เรื่องร้องเรียน!AY:AY,"1",เรื่องร้องเรียน!CL:CL,"") -> 0 | O12: =COUNTIFS(เรื่องร้องเรียน!AO:AO,"5",เรื่องร้องเรียน!E:E,"<5",เรื่องร้องเรียน!AQ:AQ,"1",เรื่องร้องเรียน!AR:AR,"1",เรื่องร้องเรียน!AZ:AZ,"1",เรื่องร้องเรียน!CL:CL,"") -> 0 | P12: =SUM(E12-I12) -> 0
A13: 6 | B13: =COUNTIFS(เรื่องร้องเรียน!AO:AO,"6",เรื่องร้องเรียน!E:E,"<5") -> 0 | C13: =COUNTIFS(เรื่องร้องเรียน!AO:AO,"6",เรื่องร้องเรียน!E:E,"<5",เรื่องร้องเรียน!CL:CL,"1") -> 0 | D13: =COUNTIFS(เรื่องร้องเรียน!AO:AO,"6",เรื่องร้องเรียน!E:E,"<5",เรื่องร้องเรียน!AN:AN,"") -> 0 | E13: =B13-C13-D13 -> 0 | F13: =COUNTIFS(เรื่องร้องเรียน!AO:AO,"6",เรื่องร้องเรียน!E:E,"<5",เรื่องร้องเรียน!AQ:AQ,"1",เรื่องร้องเรียน!AR:AR,"1",เรื่องร้องเรียน!CL:CL,"") -> 0 | G13: =COUNTIFS(เรื่องร้องเรียน!AO:AO,"6",เรื่องร้องเรียน!E:E,"<5",เรื่องร้องเรียน!AQ:AQ,"1",เรื่องร้องเรียน!AS:AS,"1",เรื่องร้องเรียน!CL:CL,"") -> 0 | H13: =COUNTIFS(เรื่องร้องเรียน!AO:AO,"6",เรื่องร้องเรียน!E:E,"<5",เรื่องร้องเรียน!AQ:AQ,"1",เรื่องร้องเรียน!AT:AT,"1",เรื่องร้องเรียน!CL:CL,"") -> 0 | I13: =SUM(F13:H13) -> 0 | J13: =I13*100/E13 -> #DIV/0! | K13: =COUNTIFS(เรื่องร้องเรียน!AO:AO,"6",เรื่องร้องเรียน!E:E,"<5",เรื่องร้องเรียน!AQ:AQ,"1",เรื่องร้องเรียน!AR:AR,"1",เรื่องร้องเรียน!AV:AV,"1",เรื่องร้องเรียน!CL:CL,"") -> 0 | L13: =COUNTIFS(เรื่องร้องเรียน!AO:AO,"6",เรื่องร้องเรียน!E:E,"<5",เรื่องร้องเรียน!AQ:AQ,"1",เรื่องร้องเรียน!AR:AR,"1",เรื่องร้องเรียน!AW:AW,"1",เรื่องร้องเรียน!CL:CL,"") -> 0 | M13: =COUNTIFS(เรื่องร้องเรียน!AO:AO,"6",เรื่องร้องเรียน!E:E,"<5",เรื่องร้องเรียน!AQ:AQ,"1",เรื่องร้องเรียน!AR:AR,"1",เรื่องร้องเรียน!AX:AX,"1",เรื่องร้องเรียน!CL:CL,"") -> 0 | N13: =COUNTIFS(เรื่องร้องเรียน!AO:AO,"6",เรื่องร้องเรียน!E:E,"<5",เรื่องร้องเรียน!AQ:AQ,"1",เรื่องร้องเรียน!AR:AR,"1",เรื่องร้องเรียน!AY:AY,"1",เรื่องร้องเรียน!CL:CL,"") -> 0 | O13: =COUNTIFS(เรื่องร้องเรียน!AO:AO,"6",เรื่องร้องเรียน!E:E,"<5",เรื่องร้องเรียน!AQ:AQ,"1",เรื่องร้องเรียน!AR:AR,"1",เรื่องร้องเรียน!AZ:AZ,"1",เรื่องร้องเรียน!CL:CL,"") -> 0 | P13: =SUM(E13-I13) -> 0
A14: 7 | B14: =COUNTIFS(เรื่องร้องเรียน!AO:AO,"7",เรื่องร้องเรียน!E:E,"<5") -> 0 | C14: =COUNTIFS(เรื่องร้องเรียน!AO:AO,"7",เรื่องร้องเรียน!E:E,"<5",เรื่องร้องเรียน!CL:CL,"1") -> 0 | D14: =COUNTIFS(เรื่องร้องเรียน!AO:AO,"7",เรื่องร้องเรียน!E:E,"<5",เรื่องร้องเรียน!AN:AN,"") -> 0 | E14: =B14-C14-D14 -> 0 | F14: =COUNTIFS(เรื่องร้องเรียน!AO:AO,"7",เรื่องร้องเรียน!E:E,"<5",เรื่องร้องเรียน!AQ:AQ,"1",เรื่องร้องเรียน!AR:AR,"1",เรื่องร้องเรียน!CL:CL,"") -> 0 | G14: =COUNTIFS(เรื่องร้องเรียน!AO:AO,"7",เรื่องร้องเรียน!E:E,"<5",เรื่องร้องเรียน!AQ:AQ,"1",เรื่องร้องเรียน!AS:AS,"1",เรื่องร้องเรียน!CL:CL,"") -> 0 | H14: =COUNTIFS(เรื่องร้องเรียน!AO:AO,"7",เรื่องร้องเรียน!E:E,"<5",เรื่องร้องเรียน!AQ:AQ,"1",เรื่องร้องเรียน!AT:AT,"1",เรื่องร้องเรียน!CL:CL,"") -> 0 | I14: =SUM(F14:H14) -> 0 | J14: =I14*100/E14 -> #DIV/0! | K14: =COUNTIFS(เรื่องร้องเรียน!AO:AO,"7",เรื่องร้องเรียน!E:E,"<5",เรื่องร้องเรียน!AQ:AQ,"1",เรื่องร้องเรียน!AR:AR,"1",เรื่องร้องเรียน!AV:AV,"1",เรื่องร้องเรียน!CL:CL,"") -> 0 | L14: =COUNTIFS(เรื่องร้องเรียน!AO:AO,"7",เรื่องร้องเรียน!E:E,"<5",เรื่องร้องเรียน!AQ:AQ,"1",เรื่องร้องเรียน!AR:AR,"1",เรื่องร้องเรียน!AW:AW,"1",เรื่องร้องเรียน!CL:CL,"") -> 0 | M14: =COUNTIFS(เรื่องร้องเรียน!AO:AO,"7",เรื่องร้องเรียน!E:E,"<5",เรื่องร้องเรียน!AQ:AQ,"1",เรื่องร้องเรียน!AR:AR,"1",เรื่องร้องเรียน!AX:AX,"1",เรื่องร้องเรียน!CL:CL,"") -> 0 | N14: =COUNTIFS(เรื่องร้องเรียน!AO:AO,"7",เรื่องร้องเรียน!E:E,"<5",เรื่องร้องเรียน!AQ:AQ,"1",เรื่องร้องเรียน!AR:AR,"1",เรื่องร้องเรียน!AY:AY,"1",เรื่องร้องเรียน!CL:CL,"") -> 0 | O14: =COUNTIFS(เรื่องร้องเรียน!AO:AO,"7",เรื่องร้องเรียน!E:E,"<5",เรื่องร้องเรียน!AQ:AQ,"1",เรื่องร้องเรียน!AR:AR,"1",เรื่องร้องเรียน!AZ:AZ,"1",เรื่องร้องเรียน!CL:CL,"") -> 0 | P14: =SUM(E14-I14) -> 0
A15: 8 | B15: =COUNTIFS(เรื่องร้องเรียน!AO:AO,"8",เรื่องร้องเรียน!E:E,"<5") -> 0 | C15: =COUNTIFS(เรื่องร้องเรียน!AO:AO,"8",เรื่องร้องเรียน!E:E,"<5",เรื่องร้องเรียน!CL:CL,"1") -> 0 | D15: =COUNTIFS(เรื่องร้องเรียน!AO:AO,"8",เรื่องร้องเรียน!E:E,"<5",เรื่องร้องเรียน!AN:AN,"") -> 0 | E15: =B15-C15-D15 -> 0 | F15: =COUNTIFS(เรื่องร้องเรียน!AO:AO,"8",เรื่องร้องเรียน!E:E,"<5",เรื่องร้องเรียน!AQ:AQ,"1",เรื่องร้องเรียน!AR:AR,"1",เรื่องร้องเรียน!CL:CL,"") -> 0 | G15: =COUNTIFS(เรื่องร้องเรียน!AO:AO,"8",เรื่องร้องเรียน!E:E,"<5",เรื่องร้องเรียน!AQ:AQ,"1",เรื่องร้องเรียน!AS:AS,"1",เรื่องร้องเรียน!CL:CL,"") -> 0 | H15: =COUNTIFS(เรื่องร้องเรียน!AO:AO,"8",เรื่องร้องเรียน!E:E,"<5",เรื่องร้องเรียน!AQ:AQ,"1",เรื่องร้องเรียน!AT:AT,"1",เรื่องร้องเรียน!CL:CL,"") -> 0 | I15: =SUM(F15:H15) -> 0 | J15: =I15*100/E15 -> #DIV/0! | K15: =COUNTIFS(เรื่องร้องเรียน!AO:AO,"8",เรื่องร้องเรียน!E:E,"<5",เรื่องร้องเรียน!AQ:AQ,"1",เรื่องร้องเรียน!AR:AR,"1",เรื่องร้องเรียน!AV:AV,"1",เรื่องร้องเรียน!CL:CL,"") -> 0 | L15: =COUNTIFS(เรื่องร้องเรียน!AO:AO,"8",เรื่องร้องเรียน!E:E,"<5",เรื่องร้องเรียน!AQ:AQ,"1",เรื่องร้องเรียน!AR:AR,"1",เรื่องร้องเรียน!AW:AW,"1",เรื่องร้องเรียน!CL:CL,"") -> 0 | M15: =COUNTIFS(เรื่องร้องเรียน!AO:AO,"8",เรื่องร้องเรียน!E:E,"<5",เรื่องร้องเรียน!AQ:AQ,"1",เรื่องร้องเรียน!AR:AR,"1",เรื่องร้องเรียน!AX:AX,"1",เรื่องร้องเรียน!CL:CL,"") -> 0 | N15: =COUNTIFS(เรื่องร้องเรียน!AO:AO,"8",เรื่องร้องเรียน!E:E,"<5",เรื่องร้องเรียน!AQ:AQ,"1",เรื่องร้องเรียน!AR:AR,"1",เรื่องร้องเรียน!AY:AY,"1",เรื่องร้องเรียน!CL:CL,"") -> 0 | O15: =COUNTIFS(เรื่องร้องเรียน!AO:AO,"8",เรื่องร้องเรียน!E:E,"<5",เรื่องร้องเรียน!AQ:AQ,"1",เรื่องร้องเรียน!AR:AR,"1",เรื่องร้องเรียน!AZ:AZ,"1",เรื่องร้องเรียน!CL:CL,"") -> 0 | P15: =SUM(E15-I15) -> 0
A16: 9 | B16: =COUNTIFS(เรื่องร้องเรียน!AO:AO,"9",เรื่องร้องเรียน!E:E,"<5") -> 0 | C16: =COUNTIFS(เรื่องร้องเรียน!AO:AO,"9",เรื่องร้องเรียน!E:E,"<5",เรื่องร้องเรียน!CL:CL,"1") -> 0 | D16: =COUNTIFS(เรื่องร้องเรียน!AO:AO,"9",เรื่องร้องเรียน!E:E,"<5",เรื่องร้องเรียน!AN:AN,"") -> 0 | E16: =B16-C16-D16 -> 0 | F16: =COUNTIFS(เรื่องร้องเรียน!AO:AO,"9",เรื่องร้องเรียน!E:E,"<5",เรื่องร้องเรียน!AQ:AQ,"1",เรื่องร้องเรียน!AR:AR,"1",เรื่องร้องเรียน!CL:CL,"") -> 0 | G16: =COUNTIFS(เรื่องร้องเรียน!AO:AO,"9",เรื่องร้องเรียน!E:E,"<5",เรื่องร้องเรียน!AQ:AQ,"1",เรื่องร้องเรียน!AS:AS,"1",เรื่องร้องเรียน!CL:CL,"") -> 0 | H16: =COUNTIFS(เรื่องร้องเรียน!AO:AO,"9",เรื่องร้องเรียน!E:E,"<5",เรื่องร้องเรียน!AQ:AQ,"1",เรื่องร้องเรียน!AT:AT,"1",เรื่องร้องเรียน!CL:CL,"") -> 0 | I16: =SUM(F16:H16) -> 0 | J16: =I16*100/E16 -> #DIV/0! | K16: =COUNTIFS(เรื่องร้องเรียน!AO:AO,"9",เรื่องร้องเรียน!E:E,"<5",เรื่องร้องเรียน!AQ:AQ,"1",เรื่องร้องเรียน!AR:AR,"1",เรื่องร้องเรียน!AV:AV,"1",เรื่องร้องเรียน!CL:CL,"") -> 0 | L16: =COUNTIFS(เรื่องร้องเรียน!AO:AO,"9",เรื่องร้องเรียน!E:E,"<5",เรื่องร้องเรียน!AQ:AQ,"1",เรื่องร้องเรียน!AR:AR,"1",เรื่องร้องเรียน!AW:AW,"1",เรื่องร้องเรียน!CL:CL,"") -> 0 | M16: =COUNTIFS(เรื่องร้องเรียน!AO:AO,"9",เรื่องร้องเรียน!E:E,"<5",เรื่องร้องเรียน!AQ:AQ,"1",เรื่องร้องเรียน!AR:AR,"1",เรื่องร้องเรียน!AX:AX,"1",เรื่องร้องเรียน!CL:CL,"") -> 0 | N16: =COUNTIFS(เรื่องร้องเรียน!AO:AO,"9",เรื่องร้องเรียน!E:E,"<5",เรื่องร้องเรียน!AQ:AQ,"1",เรื่องร้องเรียน!AR:AR,"1",เรื่องร้องเรียน!AY:AY,"1",เรื่องร้องเรียน!CL:CL,"") -> 0 | O16: =COUNTIFS(เรื่องร้องเรียน!AO:AO,"9",เรื่องร้องเรียน!E:E,"<5",เรื่องร้องเรียน!AQ:AQ,"1",เรื่องร้องเรียน!AR:AR,"1",เรื่องร้องเรียน!AZ:AZ,"1",เรื่องร้องเรียน!CL:CL,"") -> 0 | P16: =SUM(E16-I16) -> 0
A17: สปพ. | B17: =COUNTIFS(เรื่องร้องเรียน!AO:AO,">=1",เรื่องร้องเรียน!E:E,"5") -> 0 | C17: =COUNTIFS(เรื่องร้องเรียน!AO:AO,">=1",เรื่องร้องเรียน!E:E,"5",เรื่องร้องเรียน!CL:CL,"1") -> 0 | D17: =COUNTIFS(เรื่องร้องเรียน!AO:AO,">=1",เรื่องร้องเรียน!E:E,"5",เรื่องร้องเรียน!AN:AN,"") -> 0 | E17: =B17-C17-D17 -> 0 | F17: =COUNTIFS(เรื่องร้องเรียน!AO:AO,">=1",เรื่องร้องเรียน!E:E,"5",เรื่องร้องเรียน!AQ:AQ,"1",เรื่องร้องเรียน!AR:AR,"1",เรื่องร้องเรียน!CL:CL,"") -> 0 | G17: =COUNTIFS(เรื่องร้องเรียน!AO:AO,">=1",เรื่องร้องเรียน!E:E,"5",เรื่องร้องเรียน!AQ:AQ,"1",เรื่องร้องเรียน!AS:AS,"1",เรื่องร้องเรียน!CL:CL,"") -> 0 | H17: =COUNTIFS(เรื่องร้องเรียน!AO:AO,">=1",เรื่องร้องเรียน!E:E,"5",เรื่องร้องเรียน!AQ:AQ,"1",เรื่องร้องเรียน!AT:AT,"1",เรื่องร้องเรียน!CL:CL,"") -> 0 | I17: =SUM(F17:H17) -> 0 | J17: =I17*100/E17 -> #DIV/0! | K17: =COUNTIFS(เรื่องร้องเรียน!AO:AO,">=1",เรื่องร้องเรียน!E:E,"5",เรื่องร้องเรียน!AQ:AQ,"1",เรื่องร้องเรียน!AR:AR,"1",เรื่องร้องเรียน!AV:AV,"1",เรื่องร้องเรียน!CL:CL,"") -> 0 | L17: =COUNTIFS(เรื่องร้องเรียน!AO:AO,">=1",เรื่องร้องเรียน!E:E,"5",เรื่องร้องเรียน!AQ:AQ,"1",เรื่องร้องเรียน!AR:AR,"1",เรื่องร้องเรียน!AW:AW,"1",เรื่องร้องเรียน!CL:CL,"") -> 0 | M17: =COUNTIFS(เรื่องร้องเรียน!AO:AO,">=1",เรื่องร้องเรียน!E:E,"5",เรื่องร้องเรียน!AQ:AQ,"1",เรื่องร้องเรียน!AR:AR,"1",เรื่องร้องเรียน!AX:AX,"1",เรื่องร้องเรียน!CL:CL,"") -> 0 | N17: =COUNTIFS(เรื่องร้องเรียน!AO:AO,">=1",เรื่องร้องเรียน!E:E,"5",เรื่องร้องเรียน!AQ:AQ,"1",เรื่องร้องเรียน!AR:AR,"1",เรื่องร้องเรียน!AY:AY,"1",เรื่องร้องเรียน!CL:CL,"") -> 0 | O17: =COUNTIFS(เรื่องร้องเรียน!AO:AO,">=1",เรื่องร้องเรียน!E:E,"5",เรื่องร้องเรียน!AQ:AQ,"1",เรื่องร้องเรียน!AR:AR,"1",เรื่องร้องเรียน!AZ:AZ,"1",เรื่องร้องเรียน!CL:CL,"") -> 0 | P17: =SUM(E17-I17) -> 0
AB1430: บางชัน

Sheet กลุ่ม 1-5
A1: การดำเนินงานต่อข้อร้องเรียนของประชาชน ปีงบประมาณ 2568
A2: จำแนกตาม กลุ่ม 1 - 5
A3: กลุ่ม | B3: รับเรื่อง | F3: ผลการดำเนินงานต่อข้อร้องเรียน
B4: รับ | C4: แจ้งซ้ำในปีงบ | D4: รอตรวจสอบ | E4: เท่ากับระบบDN ตัดซ้ำ | F4: พิสูจน์ทราบ | K4: การดำเนินการ (กรณีพบพฤติการณ์)
F5: พบพฤติการณ์ | G5: ไม่พบพฤติการณ์ | H5: พิสูจน์ทราบไม่ได้ /ไม่พบตัว | I5: รวม | K5: ตรวจค้น | L5: จับกุม | M5: หลบหนี | N5: อยู่ระหว่างสืบสวน | O5: บำบัด | P5: รอผล
I6: จำนวน | J6: ร้อยละ
A7: รวม | B7: =SUM(B8:B12) -> 0 | C7: =SUM(C8:C12) -> 0 | D7: =SUM(D8:D12) -> 0 | E7: =SUM(E8:E12) -> 0 | F7: =SUM(F8:F12) -> 0 | G7: =SUM(G8:G12) -> 0 | H7: =SUM(H8:H12) -> 0 | I7: =SUM(I8:I12) -> 0 | J7: =I7*100/E7 -> #DIV/0! | K7: =SUM(K8:K12) -> 0 | L7: =SUM(L8:L12) -> 0 | M7: =SUM(M8:M12) -> 0 | N7: =SUM(N8:N12) -> 0 | O7: =SUM(O8:O12) -> 0 | P7: =SUM(E7-I7) -> 0
A8: 1 | B8: =COUNTIF(เรื่องร้องเรียน!E:E,"1") -> 0 | C8: =COUNTIFS(เรื่องร้องเรียน!E:E,"1",เรื่องร้องเรียน!CL:CL,"1") -> 0 | D8: =COUNTIFS(เรื่องร้องเรียน!E:E,"1",เรื่องร้องเรียน!AN:AN,"") -> 0 | E8: =B8-C8-D8 -> 0 | F8: =COUNTIFS(เรื่องร้องเรียน!E:E,"1",เรื่องร้องเรียน!AQ:AQ,"1",เรื่องร้องเรียน!AR:AR,"1",เรื่องร้องเรียน!CL:CL,"") -> 0 | G8: =COUNTIFS(เรื่องร้องเรียน!E:E,"1",เรื่องร้องเรียน!AQ:AQ,"1",เรื่องร้องเรียน!AS:AS,"1",เรื่องร้องเรียน!CL:CL,"") -> 0 | H8: =COUNTIFS(เรื่องร้องเรียน!E:E,"1",เรื่องร้องเรียน!AQ:AQ,"1",เรื่องร้องเรียน!AT:AT,"1",เรื่องร้องเรียน!CL:CL,"") -> 0 | I8: =SUM(F8:H8) -> 0 | J8: =I8*100/E8 -> #DIV/0! | K8: =COUNTIFS(เรื่องร้องเรียน!E:E,"1",เรื่องร้องเรียน!AQ:AQ,"1",เรื่องร้องเรียน!AR:AR,"1",เรื่องร้องเรียน!AV:AV,"1",เรื่องร้องเรียน!CL:CL,"") -> 0 | L8: =COUNTIFS(เรื่องร้องเรียน!E:E,"1",เรื่องร้องเรียน!AQ:AQ,"1",เรื่องร้องเรียน!AR:AR,"1",เรื่องร้องเรียน!AW:AW,"1",เรื่องร้องเรียน!CL:CL,"") -> 0 | M8: =COUNTIFS(เรื่องร้องเรียน!E:E,"1",เรื่องร้องเรียน!AQ:AQ,"1",เรื่องร้องเรียน!AR:AR,"1",เรื่องร้องเรียน!AX:AX,"1",เรื่องร้องเรียน!CL:CL,"") -> 0 | N8: =COUNTIFS(เรื่องร้องเรียน!E:E,"1",เรื่องร้องเรียน!AQ:AQ,"1",เรื่องร้องเรียน!AR:AR,"1",เรื่องร้องเรียน!AY:AY,"1",เรื่องร้องเรียน!CL:CL,"") -> 0 | O8: =COUNTIFS(เรื่องร้องเรียน!E:E,"1",เรื่องร้องเรียน!AQ:AQ,"1",เรื่องร้องเรียน!AR:AR,"1",เรื่องร้องเรียน!AZ:AZ,"1",เรื่องร้องเรียน!CL:CL,"") -> 0 | P8: =SUM(E8-I8) -> 0
A9: 2 | B9: =COUNTIF(เรื่องร้องเรียน!E:E,"2") -> 0 | C9: =COUNTIFS(เรื่องร้องเรียน!E:E,"2",เรื่องร้องเรียน!CL:CL,"1") -> 0 | D9: =COUNTIFS(เรื่องร้องเรียน!E:E,"2",เรื่องร้องเรียน!AN:AN,"") -> 0 | E9: =B9-C9-D9 -> 0 | F9: =COUNTIFS(เรื่องร้องเรียน!E:E,"2",เรื่องร้องเรียน!AQ:AQ,"1",เรื่องร้องเรียน!AR:AR,"1",เรื่องร้องเรียน!CL:CL,"") -> 0 | G9: =COUNTIFS(เรื่องร้องเรียน!E:E,"2",เรื่องร้องเรียน!AQ:AQ,"1",เรื่องร้องเรียน!AS:AS,"1",เรื่องร้องเรียน!CL:CL,"") -> 0 | H9: =COUNTIFS(เรื่องร้องเรียน!E:E,"2",เรื่องร้องเรียน!AQ:AQ,"1",เรื่องร้องเรียน!AT:AT,"1",เรื่องร้องเรียน!CL:CL,"") -> 0 | I9: =SUM(F9:H9) -> 0 | J9: =I9*100/E9 -> #DIV/0! | K9: =COUNTIFS(เรื่องร้องเรียน!E:E,"2",เรื่องร้องเรียน!AQ:AQ,"1",เรื่องร้องเรียน!AR:AR,"1",เรื่องร้องเรียน!AV:AV,"1",เรื่องร้องเรียน!CL:CL,"") -> 0 | L9: =COUNTIFS(เรื่องร้องเรียน!E:E,"2",เรื่องร้องเรียน!AQ:AQ,"1",เรื่องร้องเรียน!AR:AR,"1",เรื่องร้องเรียน!AW:AW,"1",เรื่องร้องเรียน!CL:CL,"") -> 0 | M9: =COUNTIFS(เรื่องร้องเรียน!E:E,"2",เรื่องร้องเรียน!AQ:AQ,"1",เรื่องร้องเรียน!AR:AR,"1",เรื่องร้องเรียน!AX:AX,"1",เรื่องร้องเรียน!CL:CL,"") -> 0 | N9: =COUNTIFS(เรื่องร้องเรียน!E:E,"2",เรื่องร้องเรียน!AQ:AQ,"1",เรื่องร้องเรียน!AR:AR,"1",เรื่องร้องเรียน!AY:AY,"1",เรื่องร้องเรียน!CL:CL,"") -> 0 | O9: =COUNTIFS(เรื่องร้องเรียน!E:E,"2",เรื่องร้องเรียน!AQ:AQ,"1",เรื่องร้องเรียน!AR:AR,"1",เรื่องร้องเรียน!AZ:AZ,"1",เรื่องร้องเรียน!CL:CL,"") -> 0 | P9: =SUM(E9-I9) -> 0
A10: 3 | B10: =COUNTIF(เรื่องร้องเรียน!E:E,"3") -> 0 | C10: =COUNTIFS(เรื่องร้องเรียน!E:E,"3",เรื่องร้องเรียน!CL:CL,"1") -> 0 | D10: =COUNTIFS(เรื่องร้องเรียน!E:E,"3",เรื่องร้องเรียน!AN:AN,"") -> 0 | E10: =B10-C10-D10 -> 0 | F10: =COUNTIFS(เรื่องร้องเรียน!E:E,"3",เรื่องร้องเรียน!AQ:AQ,"1",เรื่องร้องเรียน!AR:AR,"1",เรื่องร้องเรียน!CL:CL,"") -> 0 | G10: =COUNTIFS(เรื่องร้องเรียน!E:E,"3",เรื่องร้องเรียน!AQ:AQ,"1",เรื่องร้องเรียน!AS:AS,"1",เรื่องร้องเรียน!CL:CL,"") -> 0 | H10: =COUNTIFS(เรื่องร้องเรียน!E:E,"3",เรื่องร้องเรียน!AQ:AQ,"1",เรื่องร้องเรียน!AT:AT,"1",เรื่องร้องเรียน!CL:CL,"") -> 0 | I10: =SUM(F10:H10) -> 0 | J10: =I10*100/E10 -> #DIV/0! | K10: =COUNTIFS(เรื่องร้องเรียน!E:E,"3",เรื่องร้องเรียน!AQ:AQ,"1",เรื่องร้องเรียน!AR:AR,"1",เรื่องร้องเรียน!AV:AV,"1",เรื่องร้องเรียน!CL:CL,"") -> 0 | L10: =COUNTIFS(เรื่องร้องเรียน!E:E,"3",เรื่องร้องเรียน!AQ:AQ,"1",เรื่องร้องเรียน!AR:AR,"1",เรื่องร้องเรียน!AW:AW,"1",เรื่องร้องเรียน!CL:CL,"") -> 0 | M10: =COUNTIFS(เรื่องร้องเรียน!E:E,"3",เรื่องร้องเรียน!AQ:AQ,"1",เรื่องร้องเรียน!AR:AR,"1",เรื่องร้องเรียน!AX:AX,"1",เรื่องร้องเรียน!CL:CL,"") -> 0 | N10: =COUNTIFS(เรื่องร้องเรียน!E:E,"3",เรื่องร้องเรียน!AQ:AQ,"1",เรื่องร้องเรียน!AR:AR,"1",เรื่องร้องเรียน!AY:AY,"1",เรื่องร้องเรียน!CL:CL,"") -> 0 | O10: =COUNTIFS(เรื่องร้องเรียน!E:E,"3",เรื่องร้องเรียน!AQ:AQ,"1",เรื่องร้องเรียน!AR:AR,"1",เรื่องร้องเรียน!AZ:AZ,"1",เรื่องร้องเรียน!CL:CL,"") -> 0 | P10: =SUM(E10-I10) -> 0
A11: 4 | B11: =COUNTIF(เรื่องร้องเรียน!E:E,"4") -> 0 | C11: =COUNTIFS(เรื่องร้องเรียน!E:E,"4",เรื่องร้องเรียน!CL:CL,"1") -> 0 | D11: =COUNTIFS(เรื่องร้องเรียน!E:E,"4",เรื่องร้องเรียน!AN:AN,"") -> 0 | E11: =B11-C11-D11 -> 0 | F11: =COUNTIFS(เรื่องร้องเรียน!E:E,"4",เรื่องร้องเรียน!AQ:AQ,"1",เรื่องร้องเรียน!AR:AR,"1",เรื่องร้องเรียน!CL:CL,"") -> 0 | G11: =COUNTIFS(เรื่องร้องเรียน!E:E,"4",เรื่องร้องเรียน!AQ:AQ,"1",เรื่องร้องเรียน!AS:AS,"1",เรื่องร้องเรียน!CL:CL,"") -> 0 | H11: =COUNTIFS(เรื่องร้องเรียน!E:E,"4",เรื่องร้องเรียน!AQ:AQ,"1",เรื่องร้องเรียน!AT:AT,"1",เรื่องร้องเรียน!CL:CL,"") -> 0 | I11: =SUM(F11:H11) -> 0 | J11: =I11*100/E11 -> #DIV/0! | K11: =COUNTIFS(เรื่องร้องเรียน!E:E,"4",เรื่องร้องเรียน!AQ:AQ,"1",เรื่องร้องเรียน!AR:AR,"1",เรื่องร้องเรียน!AV:AV,"1",เรื่องร้องเรียน!CL:CL,"") -> 0 | L11: =COUNTIFS(เรื่องร้องเรียน!E:E,"4",เรื่องร้องเรียน!AQ:AQ,"1",เรื่องร้องเรียน!AR:AR,"1",เรื่องร้องเรียน!AW:AW,"1",เรื่องร้องเรียน!CL:CL,"") -> 0 | M11: =COUNTIFS(เรื่องร้องเรียน!E:E,"4",เรื่องร้องเรียน!AQ:AQ,"1",เรื่องร้องเรียน!AR:AR,"1",เรื่องร้องเรียน!AX:AX,"1",เรื่องร้องเรียน!CL:CL,"") -> 0 | N11: =COUNTIFS(เรื่องร้องเรียน!E:E,"4",เรื่องร้องเรียน!AQ:AQ,"1",เรื่องร้องเรียน!AR:AR,"1",เรื่องร้องเรียน!AY:AY,"1",เรื่องร้องเรียน!CL:CL,"") -> 0 | O11: =COUNTIFS(เรื่องร้องเรียน!E:E,"4",เรื่องร้องเรียน!AQ:AQ,"1",เรื่องร้องเรียน!AR:AR,"1",เรื่องร้องเรียน!AZ:AZ,"1",เรื่องร้องเรียน!CL:CL,"") -> 0 | P11: =SUM(E11-I11) -> 0
A12: 5 | B12: =COUNTIF(เรื่องร้องเรียน!E:E,"5") -> 0 | C12: =COUNTIFS(เรื่องร้องเรียน!E:E,"5",เรื่องร้องเรียน!CL:CL,"1") -> 0 | D12: =COUNTIFS(เรื่องร้องเรียน!E:E,"5",เรื่องร้องเรียน!AN:AN,"") -> 0 | E12: =B12-C12-D12 -> 0 | F12: =COUNTIFS(เรื่องร้องเรียน!E:E,"5",เรื่องร้องเรียน!AQ:AQ,"1",เรื่องร้องเรียน!AR:AR,"1",เรื่องร้องเรียน!CL:CL,"") -> 0 | G12: =COUNTIFS(เรื่องร้องเรียน!E:E,"5",เรื่องร้องเรียน!AQ:AQ,"1",เรื่องร้องเรียน!AS:AS,"1",เรื่องร้องเรียน!CL:CL,"") -> 0 | H12: =COUNTIFS(เรื่องร้องเรียน!E:E,"5",เรื่องร้องเรียน!AQ:AQ,"1",เรื่องร้องเรียน!AT:AT,"1",เรื่องร้องเรียน!CL:CL,"") -> 0 | I12: =SUM(F12:H12) -> 0 | J12: =I12*100/E12 -> #DIV/0! | K12: =COUNTIFS(เรื่องร้องเรียน!E:E,"5",เรื่องร้องเรียน!AQ:AQ,"1",เรื่องร้องเรียน!AR:AR,"1",เรื่องร้องเรียน!AV:AV,"1",เรื่องร้องเรียน!CL:CL,"") -> 0 | L12: =COUNTIFS(เรื่องร้องเรียน!E:E,"5",เรื่องร้องเรียน!AQ:AQ,"1",เรื่องร้องเรียน!AR:AR,"1",เรื่องร้องเรียน!AW:AW,"1",เรื่องร้องเรียน!CL:CL,"") -> 0 | M12: =COUNTIFS(เรื่องร้องเรียน!E:E,"5",เรื่องร้องเรียน!AQ:AQ,"1",เรื่องร้องเรียน!AR:AR,"1",เรื่องร้องเรียน!AX:AX,"1",เรื่องร้องเรียน!CL:CL,"") -> 0 | N12: =COUNTIFS(เรื่องร้องเรียน!E:E,"5",เรื่องร้องเรียน!AQ:AQ,"1",เรื่องร้องเรียน!AR:AR,"1",เรื่องร้องเรียน!AY:AY,"1",เรื่องร้องเรียน!CL:CL,"") -> 0 | O12: =COUNTIFS(เรื่องร้องเรียน!E:E,"5",เรื่องร้องเรียน!AQ:AQ,"1",เรื่องร้องเรียน!AR:AR,"1",เรื่องร้องเรียน!AZ:AZ,"1",เรื่องร้องเรียน!CL:CL,"") -> 0 | P12: =SUM(E12-I12) -> 0
AB1430: บางชัน

Sheet กลุ่ม 1-5 - เขต
A1: การดำเนินงานต่อข้อร้องเรียนของประชาชนปีงบประมาณ 2569 ห้วง (1 ตุลาคม 2568 - 31 พฤษภาคม 2569)
A2: จำแนกตาม กลุ่ม 1 - 5/เขต
A3: เขต | B3: สน. | C3: รับเรื่อง | O3: ผลดำเนินงานต่อข้อร้องเรียน | U3: รอผล | W3: หักเรื่องซ้ำยอดรับเข้า
C4: กลุ่ม 1 | E4: กลุ่ม 2 | G4: กลุ่ม 3 | I4: กลุ่ม 4 | K4: กลุ่ม 5 | M4: รวม | O4: กลุ่ม 1 | P4: กลุ่ม 2 | Q4: กลุ่ม 3 | R4: กลุ่ม 4 | S4: กลุ่ม 5 | T4: รวม
C5: รับ | D5: ซ้ำ | E5: รับ | F5: ซ้ำ | G5: รับ | H5: ซ้ำ | I5: รับ | J5: ซ้ำ | K5: รับ | L5: ซ้ำ | M5: รับ | N5: ซ้ำ
A6: รวม | C6: =SUM(C7,C15,C21,C27,C33,C42,C48,C51,C56,C64,C70,C76,C81,C88,C95,C99,C107,C115,C121,C125,C132,C137,C140,C147,C153,C158,C164,C168,C174,C181,C187,C191,C197,C203,C208,C213,C219,C225,C232,C237,C242,C248,C255,C259,C265,C270,C276,C280,C288,C293) -> 0 | D6: =SUM(D7,D15,D21,D27,D33,D42,D48,D51,D56,D64,D70,D76,D81,D88,D95,D99,D107,D115,D121,D125,D132,D137,D140,D147,D153,D158,D164,D168,D174,D181,D187,D191,D197,D203,D208,D213,D219,D225,D232,D237,D242,D248,D255,D259,D265,D270,D276,D280,D288,D293) -> 0 | E6: =SUM(E7,E15,E21,E27,E33,E42,E48,E51,E56,E64,E70,E76,E81,E88,E95,E99,E107,E115,E121,E125,E132,E137,E140,E147,E153,E158,E164,E168,E174,E181,E187,E191,E197,E203,E208,E213,E219,E225,E232,E237,E242,E248,E255,E259,E265,E270,E276,E280,E288,E293) -> 0 | F6: =SUM(F7,F15,F21,F27,F33,F42,F48,F51,F56,F64,F70,F76,F81,F88,F95,F99,F107,F115,F121,F125,F132,F137,F140,F147,F153,F158,F164,F168,F174,F181,F187,F191,F197,F203,F208,F213,F219,F225,F232,F237,F242,F248,F255,F259,F265,F270,F276,F280,F288,F293) -> 0 | G6: =SUM(G7,G15,G21,G27,G33,G42,G48,G51,G56,G64,G70,G76,G81,G88,G95,G99,G107,G115,G121,G125,G132,G137,G140,G147,G153,G158,G164,G168,G174,G181,G187,G191,G197,G203,G208,G213,G219,G225,G232,G237,G242,G248,G255,G259,G265,G270,G276,G280,G288,G293) -> 0 | H6: =SUM(H7,H15,H21,H27,H33,H42,H48,H51,H56,H64,H70,H76,H81,H88,H95,H99,H107,H115,H121,H125,H132,H137,H140,H147,H153,H158,H164,H168,H174,H181,H187,H191,H197,H203,H208,H213,H219,H225,H232,H237,H242,H248,H255,H259,H265,H270,H276,H280,H288,H293) -> 0 | I6: =SUM(I7,I15,I21,I27,I33,I42,I48,I51,I56,I64,I70,I76,I81,I88,I95,I99,I107,I115,I121,I125,I132,I137,I140,I147,I153,I158,I164,I168,I174,I181,I187,I191,I197,I203,I208,I213,I219,I225,I232,I237,I242,I248,I255,I259,I265,I270,I276,I280,I288,I293) -> 0 | J6: =SUM(J7,J15,J21,J27,J33,J42,J48,J51,J56,J64,J70,J76,J81,J88,J95,J99,J107,J115,J121,J125,J132,J137,J140,J147,J153,J158,J164,J168,J174,J181,J187,J191,J197,J203,J208,J213,J219,J225,J232,J237,J242,J248,J255,J259,J265,J270,J276,J280,J288,J293) -> 0 | ... T6: =SUM(T7,T15,T21,T27,T33,T42,T48,T51,T56,T64,T70,T76,T81,T88,T95,T99,T107,T115,T121,T125,T132,T137,T140,T147,T153,T158,T164,T168,T174,T181,T187,T191,T197,T203,T208,T213,T219,T225,T232,T237,T242,T248,T255,T259,T265,T270,T276,T280,T288,T293) -> 0 | U6: =M6-N6-T6 -> 0 | W6: =SUM(M6-N6) -> 0
A7: คลองเตย | B7: รวม | C7: =SUM(C8:C14) -> 0 | D7: =SUM(D8:D14) -> 0 | E7: =SUM(E8:E14) -> 0 | F7: =SUM(F8:F14) -> 0 | G7: =SUM(G8:G14) -> 0 | H7: =SUM(H8:H14) -> 0 | I7: =SUM(I8:I14) -> 0 | J7: =SUM(J8:J14) -> 0 | ... T7: =SUM(T8:T14) -> 0 | U7: =M7-N7-T7 -> 0 | W7: =SUM(M7-N7) -> 0
B8: สปพ. | K8: =COUNTIFS(เรื่องร้องเรียน!E:E,"5",เรื่องร้องเรียน!N:N,"คลองเตย") -> 0 | L8: =COUNTIFS(เรื่องร้องเรียน!E:E,"5",เรื่องร้องเรียน!N:N,"คลองเตย",เรื่องร้องเรียน!CL:CL,"1") -> 0 | M8: =SUM(C8,E8,G8,I8,K8) -> 0 | N8: =SUM(D8,F8,H8,J8,L8) -> 0 | S8: =COUNTIFS(เรื่องร้องเรียน!E:E,"5",เรื่องร้องเรียน!N:N,"คลองเตย",เรื่องร้องเรียน!AQ:AQ,"1",เรื่องร้องเรียน!CL:CL,"") -> 0 | T8: =SUM(O8:S8) -> 0 | U8: =M8-N8-T8 -> 0 | V8: ลุมพินี | W8: =SUM(M8-N8) -> 0
B9: คลองตัน | C9: =COUNTIFS(เรื่องร้องเรียน!E:E,"1",เรื่องร้องเรียน!N:N,"คลองเตย",เรื่องร้องเรียน!AN:AN,"คลองตัน") -> 0 | D9: =COUNTIFS(เรื่องร้องเรียน!E:E,"1",เรื่องร้องเรียน!N:N,"คลองเตย",เรื่องร้องเรียน!AN:AN,"คลองตัน",เรื่องร้องเรียน!CL:CL,"1") -> 0 | E9: =COUNTIFS(เรื่องร้องเรียน!E:E,"2",เรื่องร้องเรียน!N:N,"คลองเตย",เรื่องร้องเรียน!AN:AN,"คลองตัน") -> 0 | F9: =COUNTIFS(เรื่องร้องเรียน!E:E,"2",เรื่องร้องเรียน!N:N,"คลองเตย",เรื่องร้องเรียน!AN:AN,"คลองตัน",เรื่องร้องเรียน!CL:CL,"1") -> 0 | G9: =COUNTIFS(เรื่องร้องเรียน!E:E,"3",เรื่องร้องเรียน!N:N,"คลองเตย",เรื่องร้องเรียน!AN:AN,"คลองตัน") -> 0 | H9: =COUNTIFS(เรื่องร้องเรียน!E:E,"3",เรื่องร้องเรียน!N:N,"คลองเตย",เรื่องร้องเรียน!AN:AN,"คลองตัน",เรื่องร้องเรียน!CL:CL,"1") -> 0 | I9: =COUNTIFS(เรื่องร้องเรียน!E:E,"4",เรื่องร้องเรียน!N:N,"คลองเตย",เรื่องร้องเรียน!AN:AN,"คลองตัน") -> 0 | J9: =COUNTIFS(เรื่องร้องเรียน!E:E,"4",เรื่องร้องเรียน!N:N,"คลองเตย",เรื่องร้องเรียน!AN:AN,"คลองตัน",เรื่องร้องเรียน!CL:CL,"1") -> 0 | M9: =SUM(C9,E9,G9,I9,K9) -> 0 | N9: =SUM(D9,F9,H9,J9,L9) -> 0 | O9: =COUNTIFS(เรื่องร้องเรียน!E:E,"1",เรื่องร้องเรียน!N:N,"คลองเตย",เรื่องร้องเรียน!AN:AN,"คลองตัน",เรื่องร้องเรียน!AQ:AQ,"1",เรื่องร้องเรียน!CL:CL,"") -> 0 | P9: =COUNTIFS(เรื่องร้องเรียน!E:E,"2",เรื่องร้องเรียน!N:N,"คลองเตย",เรื่องร้องเรียน!AN:AN,"คลองตัน",เรื่องร้องเรียน!AQ:AQ,"1",เรื่องร้องเรียน!CL:CL,"") -> 0 | Q9: =COUNTIFS(เรื่องร้องเรียน!E:E,"3",เรื่องร้องเรียน!N:N,"คลองเตย",เรื่องร้องเรียน!AN:AN,"คลองตัน",เรื่องร้องเรียน!AQ:AQ,"1",เรื่องร้องเรียน!CL:CL,"") -> 0 | R9: =COUNTIFS(เรื่องร้องเรียน!E:E,"4",เรื่องร้องเรียน!N:N,"คลองเตย",เรื่องร้องเรียน!AN:AN,"คลองตัน",เรื่องร้องเรียน!AQ:AQ,"1",เรื่องร้องเรียน!CL:CL,"") -> 0 | T9: =SUM(O9:S9) -> 0 | U9: =M9-N9-T9 -> 0 | W9: =SUM(M9-N9) -> 0 | Y9: ลุมพินี
B10: ทองหล่อ | C10: =COUNTIFS(เรื่องร้องเรียน!E:E,"1",เรื่องร้องเรียน!N:N,"คลองเตย",เรื่องร้องเรียน!AN:AN,"ทองหล่อ") -> 0 | D10: =COUNTIFS(เรื่องร้องเรียน!E:E,"1",เรื่องร้องเรียน!N:N,"คลองเตย",เรื่องร้องเรียน!AN:AN,"ทองหล่อ",เรื่องร้องเรียน!CL:CL,"1") -> 0 | E10: =COUNTIFS(เรื่องร้องเรียน!E:E,"2",เรื่องร้องเรียน!N:N,"คลองเตย",เรื่องร้องเรียน!AN:AN,"ทองหล่อ") -> 0 | F10: =COUNTIFS(เรื่องร้องเรียน!E:E,"2",เรื่องร้องเรียน!N:N,"คลองเตย",เรื่องร้องเรียน!AN:AN,"ทองหล่อ",เรื่องร้องเรียน!CL:CL,"1") -> 0 | G10: =COUNTIFS(เรื่องร้องเรียน!E:E,"3",เรื่องร้องเรียน!N:N,"คลองเตย",เรื่องร้องเรียน!AN:AN,"ทองหล่อ") -> 0 | H10: =COUNTIFS(เรื่องร้องเรียน!E:E,"3",เรื่องร้องเรียน!N:N,"คลองเตย",เรื่องร้องเรียน!AN:AN,"ทองหล่อ",เรื่องร้องเรียน!CL:CL,"1") -> 0 | I10: =COUNTIFS(เรื่องร้องเรียน!E:E,"4",เรื่องร้องเรียน!N:N,"คลองเตย",เรื่องร้องเรียน!AN:AN,"ทองหล่อ") -> 0 | J10: =COUNTIFS(เรื่องร้องเรียน!E:E,"4",เรื่องร้องเรียน!N:N,"คลองเตย",เรื่องร้องเรียน!AN:AN,"ทองหล่อ",เรื่องร้องเรียน!CL:CL,"1") -> 0 | M10: =SUM(C10,E10,G10,I10,K10) -> 0 | N10: =SUM(D10,F10,H10,J10,L10) -> 0 | O10: =COUNTIFS(เรื่องร้องเรียน!E:E,"1",เรื่องร้องเรียน!N:N,"คลองเตย",เรื่องร้องเรียน!AN:AN,"ทองหล่อ",เรื่องร้องเรียน!AQ:AQ,"1",เรื่องร้องเรียน!CL:CL,"") -> 0 | P10: =COUNTIFS(เรื่องร้องเรียน!E:E,"2",เรื่องร้องเรียน!N:N,"คลองเตย",เรื่องร้องเรียน!AN:AN,"ทองหล่อ",เรื่องร้องเรียน!AQ:AQ,"1",เรื่องร้องเรียน!CL:CL,"") -> 0 | Q10: =COUNTIFS(เรื่องร้องเรียน!E:E,"3",เรื่องร้องเรียน!N:N,"คลองเตย",เรื่องร้องเรียน!AN:AN,"ทองหล่อ",เรื่องร้องเรียน!AQ:AQ,"1",เรื่องร้องเรียน!CL:CL,"") -> 0 | R10: =COUNTIFS(เรื่องร้องเรียน!E:E,"4",เรื่องร้องเรียน!N:N,"คลองเตย",เรื่องร้องเรียน!AN:AN,"ทองหล่อ",เรื่องร้องเรียน!AQ:AQ,"1",เรื่องร้องเรียน!CL:CL,"") -> 0 | T10: =SUM(O10:S10) -> 0 | U10: =M10-N10-T10 -> 0 | W10: =SUM(M10-N10) -> 0
B11: ท่าเรือ | C11: =COUNTIFS(เรื่องร้องเรียน!E:E,"1",เรื่องร้องเรียน!N:N,"คลองเตย",เรื่องร้องเรียน!AN:AN,"ท่าเรือ") -> 0 | D11: =COUNTIFS(เรื่องร้องเรียน!E:E,"1",เรื่องร้องเรียน!N:N,"คลองเตย",เรื่องร้องเรียน!AN:AN,"ท่าเรือ",เรื่องร้องเรียน!CL:CL,"1") -> 0 | E11: =COUNTIFS(เรื่องร้องเรียน!E:E,"2",เรื่องร้องเรียน!N:N,"คลองเตย",เรื่องร้องเรียน!AN:AN,"ท่าเรือ") -> 0 | F11: =COUNTIFS(เรื่องร้องเรียน!E:E,"2",เรื่องร้องเรียน!N:N,"คลองเตย",เรื่องร้องเรียน!AN:AN,"ท่าเรือ",เรื่องร้องเรียน!CL:CL,"1") -> 0 | G11: =COUNTIFS(เรื่องร้องเรียน!E:E,"3",เรื่องร้องเรียน!N:N,"คลองเตย",เรื่องร้องเรียน!AN:AN,"ท่าเรือ") -> 0 | H11: =COUNTIFS(เรื่องร้องเรียน!E:E,"3",เรื่องร้องเรียน!N:N,"คลองเตย",เรื่องร้องเรียน!AN:AN,"ท่าเรือ",เรื่องร้องเรียน!CL:CL,"1") -> 0 | I11: =COUNTIFS(เรื่องร้องเรียน!E:E,"4",เรื่องร้องเรียน!N:N,"คลองเตย",เรื่องร้องเรียน!AN:AN,"ท่าเรือ") -> 0 | J11: =COUNTIFS(เรื่องร้องเรียน!E:E,"4",เรื่องร้องเรียน!N:N,"คลองเตย",เรื่องร้องเรียน!AN:AN,"ท่าเรือ",เรื่องร้องเรียน!CL:CL,"1") -> 0 | M11: =SUM(C11,E11,G11,I11,K11) -> 0 | N11: =SUM(D11,F11,H11,J11,L11) -> 0 | O11: =COUNTIFS(เรื่องร้องเรียน!E:E,"1",เรื่องร้องเรียน!N:N,"คลองเตย",เรื่องร้องเรียน!AN:AN,"ท่าเรือ",เรื่องร้องเรียน!AQ:AQ,"1",เรื่องร้องเรียน!CL:CL,"") -> 0 | P11: =COUNTIFS(เรื่องร้องเรียน!E:E,"2",เรื่องร้องเรียน!N:N,"คลองเตย",เรื่องร้องเรียน!AN:AN,"ท่าเรือ",เรื่องร้องเรียน!AQ:AQ,"1",เรื่องร้องเรียน!CL:CL,"") -> 0 | Q11: =COUNTIFS(เรื่องร้องเรียน!E:E,"3",เรื่องร้องเรียน!N:N,"คลองเตย",เรื่องร้องเรียน!AN:AN,"ท่าเรือ",เรื่องร้องเรียน!AQ:AQ,"1",เรื่องร้องเรียน!CL:CL,"") -> 0 | R11: =COUNTIFS(เรื่องร้องเรียน!E:E,"4",เรื่องร้องเรียน!N:N,"คลองเตย",เรื่องร้องเรียน!AN:AN,"ท่าเรือ",เรื่องร้องเรียน!AQ:AQ,"1",เรื่องร้องเรียน!CL:CL,"") -> 0 | T11: =SUM(O11:S11) -> 0 | U11: =M11-N11-T11 -> 0 | W11: =SUM(M11-N11) -> 0
B12: ทุ่งมหาเมฆ | C12: =COUNTIFS(เรื่องร้องเรียน!E:E,"1",เรื่องร้องเรียน!N:N,"คลองเตย",เรื่องร้องเรียน!AN:AN,"ทุ่งมหาเมฆ") -> 0 | D12: =COUNTIFS(เรื่องร้องเรียน!E:E,"1",เรื่องร้องเรียน!N:N,"คลองเตย",เรื่องร้องเรียน!AN:AN,"ทุ่งมหาเมฆ",เรื่องร้องเรียน!CL:CL,"1") -> 0 | E12: =COUNTIFS(เรื่องร้องเรียน!E:E,"2",เรื่องร้องเรียน!N:N,"คลองเตย",เรื่องร้องเรียน!AN:AN,"ทุ่งมหาเมฆ") -> 0 | F12: =COUNTIFS(เรื่องร้องเรียน!E:E,"2",เรื่องร้องเรียน!N:N,"คลองเตย",เรื่องร้องเรียน!AN:AN,"ทุ่งมหาเมฆ",เรื่องร้องเรียน!CL:CL,"1") -> 0 | G12: =COUNTIFS(เรื่องร้องเรียน!E:E,"3",เรื่องร้องเรียน!N:N,"คลองเตย",เรื่องร้องเรียน!AN:AN,"ทุ่งมหาเมฆ") -> 0 | H12: =COUNTIFS(เรื่องร้องเรียน!E:E,"3",เรื่องร้องเรียน!N:N,"คลองเตย",เรื่องร้องเรียน!AN:AN,"ทุ่งมหาเมฆ",เรื่องร้องเรียน!CL:CL,"1") -> 0 | I12: =COUNTIFS(เรื่องร้องเรียน!E:E,"4",เรื่องร้องเรียน!N:N,"คลองเตย",เรื่องร้องเรียน!AN:AN,"ทุ่งมหาเมฆ") -> 0 | J12: =COUNTIFS(เรื่องร้องเรียน!E:E,"4",เรื่องร้องเรียน!N:N,"คลองเตย",เรื่องร้องเรียน!AN:AN,"ทุ่งมหาเมฆ",เรื่องร้องเรียน!CL:CL,"1") -> 0 | M12: =SUM(C12,E12,G12,I12,K12) -> 0 | N12: =SUM(D12,F12,H12,J12,L12) -> 0 | O12: =COUNTIFS(เรื่องร้องเรียน!E:E,"1",เรื่องร้องเรียน!N:N,"คลองเตย",เรื่องร้องเรียน!AN:AN,"ทุ่งมหาเมฆ",เรื่องร้องเรียน!AQ:AQ,"1",เรื่องร้องเรียน!CL:CL,"") -> 0 | P12: =COUNTIFS(เรื่องร้องเรียน!E:E,"2",เรื่องร้องเรียน!N:N,"คลองเตย",เรื่องร้องเรียน!AN:AN,"ทุ่งมหาเมฆ",เรื่องร้องเรียน!AQ:AQ,"1",เรื่องร้องเรียน!CL:CL,"") -> 0 | Q12: =COUNTIFS(เรื่องร้องเรียน!E:E,"3",เรื่องร้องเรียน!N:N,"คลองเตย",เรื่องร้องเรียน!AN:AN,"ทุ่งมหาเมฆ",เรื่องร้องเรียน!AQ:AQ,"1",เรื่องร้องเรียน!CL:CL,"") -> 0 | R12: =COUNTIFS(เรื่องร้องเรียน!E:E,"4",เรื่องร้องเรียน!N:N,"คลองเตย",เรื่องร้องเรียน!AN:AN,"ทุ่งมหาเมฆ",เรื่องร้องเรียน!AQ:AQ,"1",เรื่องร้องเรียน!CL:CL,"") -> 0 | T12: =SUM(O12:S12) -> 0 | U12: =M12-N12-T12 -> 0 | W12: =SUM(M12-N12) -> 0
B13: พระโขนง | C13: =COUNTIFS(เรื่องร้องเรียน!E:E,"1",เรื่องร้องเรียน!N:N,"คลองเตย",เรื่องร้องเรียน!AN:AN,"พระโขนง") -> 0 | D13: =COUNTIFS(เรื่องร้องเรียน!E:E,"1",เรื่องร้องเรียน!N:N,"คลองเตย",เรื่องร้องเรียน!AN:AN,"พระโขนง",เรื่องร้องเรียน!CL:CL,"1") -> 0 | E13: =COUNTIFS(เรื่องร้องเรียน!E:E,"2",เรื่องร้องเรียน!N:N,"คลองเตย",เรื่องร้องเรียน!AN:AN,"พระโขนง") -> 0 | F13: =COUNTIFS(เรื่องร้องเรียน!E:E,"2",เรื่องร้องเรียน!N:N,"คลองเตย",เรื่องร้องเรียน!AN:AN,"พระโขนง",เรื่องร้องเรียน!CL:CL,"1") -> 0 | G13: =COUNTIFS(เรื่องร้องเรียน!E:E,"3",เรื่องร้องเรียน!N:N,"คลองเตย",เรื่องร้องเรียน!AN:AN,"พระโขนง") -> 0 | H13: =COUNTIFS(เรื่องร้องเรียน!E:E,"3",เรื่องร้องเรียน!N:N,"คลองเตย",เรื่องร้องเรียน!AN:AN,"พระโขนง",เรื่องร้องเรียน!CL:CL,"1") -> 0 | I13: =COUNTIFS(เรื่องร้องเรียน!E:E,"4",เรื่องร้องเรียน!N:N,"คลองเตย",เรื่องร้องเรียน!AN:AN,"พระโขนง") -> 0 | J13: =COUNTIFS(เรื่องร้องเรียน!E:E,"4",เรื่องร้องเรียน!N:N,"คลองเตย",เรื่องร้องเรียน!AN:AN,"พระโขนง",เรื่องร้องเรียน!CL:CL,"1") -> 0 | M13: =SUM(C13,E13,G13,I13,K13) -> 0 | N13: =SUM(D13,F13,H13,J13,L13) -> 0 | O13: =COUNTIFS(เรื่องร้องเรียน!E:E,"1",เรื่องร้องเรียน!N:N,"คลองเตย",เรื่องร้องเรียน!AN:AN,"พระโขนง",เรื่องร้องเรียน!AQ:AQ,"1",เรื่องร้องเรียน!CL:CL,"") -> 0 | P13: =COUNTIFS(เรื่องร้องเรียน!E:E,"2",เรื่องร้องเรียน!N:N,"คลองเตย",เรื่องร้องเรียน!AN:AN,"พระโขนง",เรื่องร้องเรียน!AQ:AQ,"1",เรื่องร้องเรียน!CL:CL,"") -> 0 | Q13: =COUNTIFS(เรื่องร้องเรียน!E:E,"3",เรื่องร้องเรียน!N:N,"คลองเตย",เรื่องร้องเรียน!AN:AN,"พระโขนง",เรื่องร้องเรียน!AQ:AQ,"1",เรื่องร้องเรียน!CL:CL,"") -> 0 | R13: =COUNTIFS(เรื่องร้องเรียน!E:E,"4",เรื่องร้องเรียน!N:N,"คลองเตย",เรื่องร้องเรียน!AN:AN,"พระโขนง",เรื่องร้องเรียน!AQ:AQ,"1",เรื่องร้องเรียน!CL:CL,"") -> 0 | T13: =SUM(O13:S13) -> 0 | U13: =M13-N13-T13 -> 0 | W13: =SUM(M13-N13) -> 0
B14: ลุมพินี | C14: =COUNTIFS(เรื่องร้องเรียน!E:E,"1",เรื่องร้องเรียน!N:N,"คลองเตย",เรื่องร้องเรียน!AN:AN,"ลุมพินี") -> 0 | D14: =COUNTIFS(เรื่องร้องเรียน!E:E,"1",เรื่องร้องเรียน!N:N,"คลองเตย",เรื่องร้องเรียน!AN:AN,"ลุมพินี",เรื่องร้องเรียน!CL:CL,"1") -> 0 | E14: =COUNTIFS(เรื่องร้องเรียน!E:E,"2",เรื่องร้องเรียน!N:N,"คลองเตย",เรื่องร้องเรียน!AN:AN,"ลุมพินี") -> 0 | F14: =COUNTIFS(เรื่องร้องเรียน!E:E,"2",เรื่องร้องเรียน!N:N,"คลองเตย",เรื่องร้องเรียน!AN:AN,"ลุมพินี",เรื่องร้องเรียน!CL:CL,"1") -> 0 | G14: =COUNTIFS(เรื่องร้องเรียน!E:E,"3",เรื่องร้องเรียน!N:N,"คลองเตย",เรื่องร้องเรียน!AN:AN,"ลุมพินี") -> 0 | H14: =COUNTIFS(เรื่องร้องเรียน!E:E,"3",เรื่องร้องเรียน!N:N,"คลองเตย",เรื่องร้องเรียน!AN:AN,"ลุมพินี",เรื่องร้องเรียน!CL:CL,"1") -> 0 | I14: =COUNTIFS(เรื่องร้องเรียน!E:E,"4",เรื่องร้องเรียน!N:N,"คลองเตย",เรื่องร้องเรียน!AN:AN,"ลุมพินี") -> 0 | J14: =COUNTIFS(เรื่องร้องเรียน!E:E,"4",เรื่องร้องเรียน!N:N,"คลองเตย",เรื่องร้องเรียน!AN:AN,"ลุมพินี",เรื่องร้องเรียน!CL:CL,"1") -> 0 | M14: =SUM(C14,E14,G14,I14,K14) -> 0 | N14: =SUM(D14,F14,H14,J14,L14) -> 0 | O14: =COUNTIFS(เรื่องร้องเรียน!E:E,"1",เรื่องร้องเรียน!N:N,"คลองเตย",เรื่องร้องเรียน!AN:AN,"ลุมพินี",เรื่องร้องเรียน!AQ:AQ,"1",เรื่องร้องเรียน!CL:CL,"") -> 0 | P14: =COUNTIFS(เรื่องร้องเรียน!E:E,"2",เรื่องร้องเรียน!N:N,"คลองเตย",เรื่องร้องเรียน!AN:AN,"ลุมพินี",เรื่องร้องเรียน!AQ:AQ,"1",เรื่องร้องเรียน!CL:CL,"") -> 0 | Q14: =COUNTIFS(เรื่องร้องเรียน!E:E,"3",เรื่องร้องเรียน!N:N,"คลองเตย",เรื่องร้องเรียน!AN:AN,"ลุมพินี",เรื่องร้องเรียน!AQ:AQ,"1",เรื่องร้องเรียน!CL:CL,"") -> 0 | R14: =COUNTIFS(เรื่องร้องเรียน!E:E,"4",เรื่องร้องเรียน!N:N,"คลองเตย",เรื่องร้องเรียน!AN:AN,"ลุมพินี",เรื่องร้องเรียน!AQ:AQ,"1",เรื่องร้องเรียน!CL:CL,"") -> 0 | T14: =SUM(O14:S14) -> 0 | U14: =M14-N14-T14 -> 0 | W14: =SUM(M14-N14) -> 0
A15: คลองสาน | B15: รวม | C15: =SUM(C16:C20) -> 0 | D15: =SUM(D16:D20) -> 0 | E15: =SUM(E16:E20) -> 0 | F15: =SUM(F16:F20) -> 0 | G15: =SUM(G16:G20) -> 0 | H15: =SUM(H16:H20) -> 0 | I15: =SUM(I16:I20) -> 0 | J15: =SUM(J16:J20) -> 0 | ... T15: =SUM(T16:T20) -> 0 | U15: =M15-N15-T15 -> 0 | W15: =SUM(M15-N15) -> 0
B16: สปพ. | K16: =COUNTIFS(เรื่องร้องเรียน!E:E,"5",เรื่องร้องเรียน!N:N,"คลองสาน") -> 0 | L16: =COUNTIFS(เรื่องร้องเรียน!E:E,"5",เรื่องร้องเรียน!N:N,"คลองสาน",เรื่องร้องเรียน!CL:CL,"1") -> 0 | M16: =SUM(C16,E16,G16,I16,K16) -> 0 | N16: =SUM(D16,F16,H16,J16,L16) -> 0 | S16: =COUNTIFS(เรื่องร้องเรียน!E:E,"5",เรื่องร้องเรียน!N:N,"คลองสาน",เรื่องร้องเรียน!AQ:AQ,"1",เรื่องร้องเรียน!CL:CL,"") -> 0 | T16: =SUM(O16:S16) -> 0 | U16: =M16-N16-T16 -> 0 | W16: =SUM(M16-N16) -> 0
B17: บุปผาราม | C17: =COUNTIFS(เรื่องร้องเรียน!E:E,"1",เรื่องร้องเรียน!N:N,"คลองสาน",เรื่องร้องเรียน!AN:AN,"บุปผาราม") -> 0 | D17: =COUNTIFS(เรื่องร้องเรียน!E:E,"1",เรื่องร้องเรียน!N:N,"คลองสาน",เรื่องร้องเรียน!AN:AN,"บุปผาราม",เรื่องร้องเรียน!CL:CL,"1") -> 0 | E17: =COUNTIFS(เรื่องร้องเรียน!E:E,"2",เรื่องร้องเรียน!N:N,"คลองสาน",เรื่องร้องเรียน!AN:AN,"บุปผาราม") -> 0 | F17: =COUNTIFS(เรื่องร้องเรียน!E:E,"2",เรื่องร้องเรียน!N:N,"คลองสาน",เรื่องร้องเรียน!AN:AN,"บุปผาราม",เรื่องร้องเรียน!CL:CL,"1") -> 0 | G17: =COUNTIFS(เรื่องร้องเรียน!E:E,"3",เรื่องร้องเรียน!N:N,"คลองสาน",เรื่องร้องเรียน!AN:AN,"บุปผาราม") -> 0 | H17: =COUNTIFS(เรื่องร้องเรียน!E:E,"3",เรื่องร้องเรียน!N:N,"คลองสาน",เรื่องร้องเรียน!AN:AN,"บุปผาราม",เรื่องร้องเรียน!CL:CL,"1") -> 0 | I17: =COUNTIFS(เรื่องร้องเรียน!E:E,"4",เรื่องร้องเรียน!N:N,"คลองสาน",เรื่องร้องเรียน!AN:AN,"บุปผาราม") -> 0 | J17: =COUNTIFS(เรื่องร้องเรียน!E:E,"4",เรื่องร้องเรียน!N:N,"คลองสาน",เรื่องร้องเรียน!AN:AN,"บุปผาราม",เรื่องร้องเรียน!CL:CL,"1") -> 0 | M17: =SUM(C17,E17,G17,I17,K17) -> 0 | N17: =SUM(D17,F17,H17,J17,L17) -> 0 | O17: =COUNTIFS(เรื่องร้องเรียน!E:E,"1",เรื่องร้องเรียน!N:N,"คลองสาน",เรื่องร้องเรียน!AN:AN,"บุปผาราม",เรื่องร้องเรียน!AQ:AQ,"1",เรื่องร้องเรียน!CL:CL,"") -> 0 | P17: =COUNTIFS(เรื่องร้องเรียน!E:E,"2",เรื่องร้องเรียน!N:N,"คลองสาน",เรื่องร้องเรียน!AN:AN,"บุปผาราม",เรื่องร้องเรียน!AQ:AQ,"1",เรื่องร้องเรียน!CL:CL,"") -> 0 | Q17: =COUNTIFS(เรื่องร้องเรียน!E:E,"3",เรื่องร้องเรียน!N:N,"คลองสาน",เรื่องร้องเรียน!AN:AN,"บุปผาราม",เรื่องร้องเรียน!AQ:AQ,"1",เรื่องร้องเรียน!CL:CL,"") -> 0 | R17: =COUNTIFS(เรื่องร้องเรียน!E:E,"4",เรื่องร้องเรียน!N:N,"คลองสาน",เรื่องร้องเรียน!AN:AN,"บุปผาราม",เรื่องร้องเรียน!AQ:AQ,"1",เรื่องร้องเรียน!CL:CL,"") -> 0 | T17: =SUM(O17:S17) -> 0 | U17: =M17-N17-T17 -> 0 | V17: ปากคลองสาน | W17: =SUM(M17-N17) -> 0
B18: สมเด็จเจ้าพระยา | C18: =COUNTIFS(เรื่องร้องเรียน!E:E,"1",เรื่องร้องเรียน!N:N,"คลองสาน",เรื่องร้องเรียน!AN:AN,"สมเด็จเจ้าพระยา") -> 0 | D18: =COUNTIFS(เรื่องร้องเรียน!E:E,"1",เรื่องร้องเรียน!N:N,"คลองสาน",เรื่องร้องเรียน!AN:AN,"สมเด็จเจ้าพระยา",เรื่องร้องเรียน!CL:CL,"1") -> 0 | E18: =COUNTIFS(เรื่องร้องเรียน!E:E,"2",เรื่องร้องเรียน!N:N,"คลองสาน",เรื่องร้องเรียน!AN:AN,"สมเด็จเจ้าพระยา") -> 0 | F18: =COUNTIFS(เรื่องร้องเรียน!E:E,"2",เรื่องร้องเรียน!N:N,"คลองสาน",เรื่องร้องเรียน!AN:AN,"สมเด็จเจ้าพระยา",เรื่องร้องเรียน!CL:CL,"1") -> 0 | G18: =COUNTIFS(เรื่องร้องเรียน!E:E,"3",เรื่องร้องเรียน!N:N,"คลองสาน",เรื่องร้องเรียน!AN:AN,"สมเด็จเจ้าพระยา") -> 0 | H18: =COUNTIFS(เรื่องร้องเรียน!E:E,"3",เรื่องร้องเรียน!N:N,"คลองสาน",เรื่องร้องเรียน!AN:AN,"สมเด็จเจ้าพระยา",เรื่องร้องเรียน!CL:CL,"1") -> 0 | I18: =COUNTIFS(เรื่องร้องเรียน!E:E,"4",เรื่องร้องเรียน!N:N,"คลองสาน",เรื่องร้องเรียน!AN:AN,"สมเด็จเจ้าพระยา") -> 0 | J18: =COUNTIFS(เรื่องร้องเรียน!E:E,"4",เรื่องร้องเรียน!N:N,"คลองสาน",เรื่องร้องเรียน!AN:AN,"สมเด็จเจ้าพระยา",เรื่องร้องเรียน!CL:CL,"1") -> 0 | M18: =SUM(C18,E18,G18,I18,K18) -> 0 | N18: =SUM(D18,F18,H18,J18,L18) -> 0 | O18: =COUNTIFS(เรื่องร้องเรียน!E:E,"1",เรื่องร้องเรียน!N:N,"คลองสาน",เรื่องร้องเรียน!AN:AN,"สมเด็จเจ้าพระยา",เรื่องร้องเรียน!AQ:AQ,"1",เรื่องร้องเรียน!CL:CL,"") -> 0 | P18: =COUNTIFS(เรื่องร้องเรียน!E:E,"2",เรื่องร้องเรียน!N:N,"คลองสาน",เรื่องร้องเรียน!AN:AN,"สมเด็จเจ้าพระยา",เรื่องร้องเรียน!AQ:AQ,"1",เรื่องร้องเรียน!CL:CL,"") -> 0 | Q18: =COUNTIFS(เรื่องร้องเรียน!E:E,"3",เรื่องร้องเรียน!N:N,"คลองสาน",เรื่องร้องเรียน!AN:AN,"สมเด็จเจ้าพระยา",เรื่องร้องเรียน!AQ:AQ,"1",เรื่องร้องเรียน!CL:CL,"") -> 0 | R18: =COUNTIFS(เรื่องร้องเรียน!E:E,"4",เรื่องร้องเรียน!N:N,"คลองสาน",เรื่องร้องเรียน!AN:AN,"สมเด็จเจ้าพระยา",เรื่องร้องเรียน!AQ:AQ,"1",เรื่องร้องเรียน!CL:CL,"") -> 0 | T18: =SUM(O18:S18) -> 0 | U18: =M18-N18-T18 -> 0 | W18: =SUM(M18-N18) -> 0
B19: สำเหร่ | C19: =COUNTIFS(เรื่องร้องเรียน!E:E,"1",เรื่องร้องเรียน!N:N,"คลองสาน",เรื่องร้องเรียน!AN:AN,"สำเหร่") -> 0 | D19: =COUNTIFS(เรื่องร้องเรียน!E:E,"1",เรื่องร้องเรียน!N:N,"คลองสาน",เรื่องร้องเรียน!AN:AN,"สำเหร่",เรื่องร้องเรียน!CL:CL,"1") -> 0 | E19: =COUNTIFS(เรื่องร้องเรียน!E:E,"2",เรื่องร้องเรียน!N:N,"คลองสาน",เรื่องร้องเรียน!AN:AN,"สำเหร่") -> 0 | F19: =COUNTIFS(เรื่องร้องเรียน!E:E,"2",เรื่องร้องเรียน!N:N,"คลองสาน",เรื่องร้องเรียน!AN:AN,"สำเหร่",เรื่องร้องเรียน!CL:CL,"1") -> 0 | G19: =COUNTIFS(เรื่องร้องเรียน!E:E,"3",เรื่องร้องเรียน!N:N,"คลองสาน",เรื่องร้องเรียน!AN:AN,"สำเหร่") -> 0 | H19: =COUNTIFS(เรื่องร้องเรียน!E:E,"3",เรื่องร้องเรียน!N:N,"คลองสาน",เรื่องร้องเรียน!AN:AN,"สำเหร่",เรื่องร้องเรียน!CL:CL,"1") -> 0 | I19: =COUNTIFS(เรื่องร้องเรียน!E:E,"4",เรื่องร้องเรียน!N:N,"คลองสาน",เรื่องร้องเรียน!AN:AN,"สำเหร่") -> 0 | J19: =COUNTIFS(เรื่องร้องเรียน!E:E,"4",เรื่องร้องเรียน!N:N,"คลองสาน",เรื่องร้องเรียน!AN:AN,"สำเหร่",เรื่องร้องเรียน!CL:CL,"1") -> 0 | M19: =SUM(C19,E19,G19,I19,K19) -> 0 | N19: =SUM(D19,F19,H19,J19,L19) -> 0 | O19: =COUNTIFS(เรื่องร้องเรียน!E:E,"1",เรื่องร้องเรียน!N:N,"คลองสาน",เรื่องร้องเรียน!AN:AN,"สำเหร่",เรื่องร้องเรียน!AQ:AQ,"1",เรื่องร้องเรียน!CL:CL,"") -> 0 | P19: =COUNTIFS(เรื่องร้องเรียน!E:E,"2",เรื่องร้องเรียน!N:N,"คลองสาน",เรื่องร้องเรียน!AN:AN,"สำเหร่",เรื่องร้องเรียน!AQ:AQ,"1",เรื่องร้องเรียน!CL:CL,"") -> 0 | Q19: =COUNTIFS(เรื่องร้องเรียน!E:E,"3",เรื่องร้องเรียน!N:N,"คลองสาน",เรื่องร้องเรียน!AN:AN,"สำเหร่",เรื่องร้องเรียน!AQ:AQ,"1",เรื่องร้องเรียน!CL:CL,"") -> 0 | R19: =COUNTIFS(เรื่องร้องเรียน!E:E,"4",เรื่องร้องเรียน!N:N,"คลองสาน",เรื่องร้องเรียน!AN:AN,"สำเหร่",เรื่องร้องเรียน!AQ:AQ,"1",เรื่องร้องเรียน!CL:CL,"") -> 0 | T19: =SUM(O19:S19) -> 0 | U19: =M19-N19-T19 -> 0 | W19: =SUM(M19-N19) -> 0
B20: ปากคลองสาน | C20: =COUNTIFS(เรื่องร้องเรียน!E:E,"1",เรื่องร้องเรียน!N:N,"คลองสาน",เรื่องร้องเรียน!AN:AN,"ปากคลองสาน") -> 0 | D20: =COUNTIFS(เรื่องร้องเรียน!E:E,"1",เรื่องร้องเรียน!N:N,"คลองสาน",เรื่องร้องเรียน!AN:AN,"ปากคลองสาน",เรื่องร้องเรียน!CL:CL,"1") -> 0 | E20: =COUNTIFS(เรื่องร้องเรียน!E:E,"2",เรื่องร้องเรียน!N:N,"คลองสาน",เรื่องร้องเรียน!AN:AN,"ปากคลองสาน") -> 0 | F20: =COUNTIFS(เรื่องร้องเรียน!E:E,"2",เรื่องร้องเรียน!N:N,"คลองสาน",เรื่องร้องเรียน!AN:AN,"ปากคลองสาน",เรื่องร้องเรียน!CL:CL,"1") -> 0 | G20: =COUNTIFS(เรื่องร้องเรียน!E:E,"3",เรื่องร้องเรียน!N:N,"คลองสาน",เรื่องร้องเรียน!AN:AN,"ปากคลองสาน") -> 0 | H20: =COUNTIFS(เรื่องร้องเรียน!E:E,"3",เรื่องร้องเรียน!N:N,"คลองสาน",เรื่องร้องเรียน!AN:AN,"ปากคลองสาน",เรื่องร้องเรียน!CL:CL,"1") -> 0 | I20: =COUNTIFS(เรื่องร้องเรียน!E:E,"4",เรื่องร้องเรียน!N:N,"คลองสาน",เรื่องร้องเรียน!AN:AN,"ปากคลองสาน") -> 0 | J20: =COUNTIFS(เรื่องร้องเรียน!E:E,"4",เรื่องร้องเรียน!N:N,"คลองสาน",เรื่องร้องเรียน!AN:AN,"ปากคลองสาน",เรื่องร้องเรียน!CL:CL,"1") -> 0 | M20: =SUM(C20,E20,G20,I20,K20) -> 0 | N20: =SUM(D20,F20,H20,J20,L20) -> 0 | O20: =COUNTIFS(เรื่องร้องเรียน!E:E,"1",เรื่องร้องเรียน!N:N,"คลองสาน",เรื่องร้องเรียน!AN:AN,"ปากคลองสาน",เรื่องร้องเรียน!AQ:AQ,"1",เรื่องร้องเรียน!CL:CL,"") -> 0 | P20: =COUNTIFS(เรื่องร้องเรียน!E:E,"2",เรื่องร้องเรียน!N:N,"คลองสาน",เรื่องร้องเรียน!AN:AN,"ปากคลองสาน",เรื่องร้องเรียน!AQ:AQ,"1",เรื่องร้องเรียน!CL:CL,"") -> 0 | Q20: =COUNTIFS(เรื่องร้องเรียน!E:E,"3",เรื่องร้องเรียน!N:N,"คลองสาน",เรื่องร้องเรียน!AN:AN,"ปากคลองสาน",เรื่องร้องเรียน!AQ:AQ,"1",เรื่องร้องเรียน!CL:CL,"") -> 0 | R20: =COUNTIFS(เรื่องร้องเรียน!E:E,"4",เรื่องร้องเรียน!N:N,"คลองสาน",เรื่องร้องเรียน!AN:AN,"ปากคลองสาน",เรื่องร้องเรียน!AQ:AQ,"1",เรื่องร้องเรียน!CL:CL,"") -> 0 | T20: =SUM(O20:S20) -> 0 | U20: =M20-N20-T20 -> 0 | W20: =SUM(M20-N20) -> 0
A21: คลองสามวา | B21: รวม | C21: =SUM(C22:C26 ) -> 0 | D21: =SUM(D22:D26 ) -> 0 | E21: =SUM(E22:E26 ) -> 0 | F21: =SUM(F22:F26 ) -> 0 | G21: =SUM(G22:G26 ) -> 0 | H21: =SUM(H22:H26 ) -> 0 | I21: =SUM(I22:I26 ) -> 0 | J21: =SUM(J22:J26 ) -> 0 | ... T21: =SUM(T22:T26 ) -> 0 | U21: =M21-N21-T21 -> 0 | W21: =SUM(M21-N21) -> 0
B22: สปพ. | K22: =COUNTIFS(เรื่องร้องเรียน!E:E,"5",เรื่องร้องเรียน!N:N,"คลองสามวา") -> 0 | L22: =COUNTIFS(เรื่องร้องเรียน!E:E,"5",เรื่องร้องเรียน!N:N,"คลองสามวา",เรื่องร้องเรียน!CL:CL,"1") -> 0 | M22: =SUM(C22,E22,G22,I22,K22) -> 0 | N22: =SUM(D22,F22,H22,J22,L22) -> 0 | S22: =COUNTIFS(เรื่องร้องเรียน!E:E,"5",เรื่องร้องเรียน!N:N,"คลองสามวา",เรื่องร้องเรียน!AQ:AQ,"1",เรื่องร้องเรียน!CL:CL,"") -> 0 | T22: =SUM(O22:S22) -> 0 | U22: =M22-N22-T22 -> 0 | W22: =SUM(M22-N22) -> 0
B23: คันนายาว | C23: =COUNTIFS(เรื่องร้องเรียน!E:E,"1",เรื่องร้องเรียน!N:N,"คลองสามวา",เรื่องร้องเรียน!AN:AN,"คันนายาว") -> 0 | D23: =COUNTIFS(เรื่องร้องเรียน!E:E,"1",เรื่องร้องเรียน!N:N,"คลองสามวา",เรื่องร้องเรียน!AN:AN,"คันนายาว",เรื่องร้องเรียน!CL:CL,"1") -> 0 | E23: =COUNTIFS(เรื่องร้องเรียน!E:E,"2",เรื่องร้องเรียน!N:N,"คลองสามวา",เรื่องร้องเรียน!AN:AN,"คันนายาว") -> 0 | F23: =COUNTIFS(เรื่องร้องเรียน!E:E,"2",เรื่องร้องเรียน!N:N,"คลองสามวา",เรื่องร้องเรียน!AN:AN,"คันนายาว",เรื่องร้องเรียน!CL:CL,"1") -> 0 | G23: =COUNTIFS(เรื่องร้องเรียน!E:E,"3",เรื่องร้องเรียน!N:N,"คลองสามวา",เรื่องร้องเรียน!AN:AN,"คันนายาว") -> 0 | H23: =COUNTIFS(เรื่องร้องเรียน!E:E,"3",เรื่องร้องเรียน!N:N,"คลองสามวา",เรื่องร้องเรียน!AN:AN,"คันนายาว",เรื่องร้องเรียน!CL:CL,"1") -> 0 | I23: =COUNTIFS(เรื่องร้องเรียน!E:E,"4",เรื่องร้องเรียน!N:N,"คลองสามวา",เรื่องร้องเรียน!AN:AN,"คันนายาว") -> 0 | J23: =COUNTIFS(เรื่องร้องเรียน!E:E,"4",เรื่องร้องเรียน!N:N,"คลองสามวา",เรื่องร้องเรียน!AN:AN,"คันนายาว",เรื่องร้องเรียน!CL:CL,"1") -> 0 | M23: =SUM(C23,E23,G23,I23,K23) -> 0 | N23: =SUM(D23,F23,H23,J23,L23) -> 0 | O23: =COUNTIFS(เรื่องร้องเรียน!E:E,"1",เรื่องร้องเรียน!N:N,"คลองสามวา",เรื่องร้องเรียน!AN:AN,"คันนายาว",เรื่องร้องเรียน!AQ:AQ,"1",เรื่องร้องเรียน!CL:CL,"") -> 0 | P23: =COUNTIFS(เรื่องร้องเรียน!E:E,"2",เรื่องร้องเรียน!N:N,"คลองสามวา",เรื่องร้องเรียน!AN:AN,"คันนายาว",เรื่องร้องเรียน!AQ:AQ,"1",เรื่องร้องเรียน!CL:CL,"") -> 0 | Q23: =COUNTIFS(เรื่องร้องเรียน!E:E,"3",เรื่องร้องเรียน!N:N,"คลองสามวา",เรื่องร้องเรียน!AN:AN,"คันนายาว",เรื่องร้องเรียน!AQ:AQ,"1",เรื่องร้องเรียน!CL:CL,"") -> 0 | R23: =COUNTIFS(เรื่องร้องเรียน!E:E,"4",เรื่องร้องเรียน!N:N,"คลองสามวา",เรื่องร้องเรียน!AN:AN,"คันนายาว",เรื่องร้องเรียน!AQ:AQ,"1",เรื่องร้องเรียน!CL:CL,"") -> 0 | T23: =SUM(O23:S23) -> 0 | U23: =M23-N23-T23 -> 0 | W23: =SUM(M23-N23) -> 0
B24: นิมิตรใหม่ | C24: =COUNTIFS(เรื่องร้องเรียน!E:E,"1",เรื่องร้องเรียน!N:N,"คลองสามวา",เรื่องร้องเรียน!AN:AN,"นิมิตรใหม่") -> 0 | D24: =COUNTIFS(เรื่องร้องเรียน!E:E,"1",เรื่องร้องเรียน!N:N,"คลองสามวา",เรื่องร้องเรียน!AN:AN,"นิมิตรใหม่",เรื่องร้องเรียน!CL:CL,"1") -> 0 | E24: =COUNTIFS(เรื่องร้องเรียน!E:E,"2",เรื่องร้องเรียน!N:N,"คลองสามวา",เรื่องร้องเรียน!AN:AN,"นิมิตรใหม่") -> 0 | F24: =COUNTIFS(เรื่องร้องเรียน!E:E,"2",เรื่องร้องเรียน!N:N,"คลองสามวา",เรื่องร้องเรียน!AN:AN,"นิมิตรใหม่",เรื่องร้องเรียน!CL:CL,"1") -> 0 | G24: =COUNTIFS(เรื่องร้องเรียน!E:E,"3",เรื่องร้องเรียน!N:N,"คลองสามวา",เรื่องร้องเรียน!AN:AN,"นิมิตรใหม่") -> 0 | H24: =COUNTIFS(เรื่องร้องเรียน!E:E,"3",เรื่องร้องเรียน!N:N,"คลองสามวา",เรื่องร้องเรียน!AN:AN,"นิมิตรใหม่",เรื่องร้องเรียน!CL:CL,"1") -> 0 | I24: =COUNTIFS(เรื่องร้องเรียน!E:E,"4",เรื่องร้องเรียน!N:N,"คลองสามวา",เรื่องร้องเรียน!AN:AN,"นิมิตรใหม่") -> 0 | J24: =COUNTIFS(เรื่องร้องเรียน!E:E,"4",เรื่องร้องเรียน!N:N,"คลองสามวา",เรื่องร้องเรียน!AN:AN,"นิมิตรใหม่",เรื่องร้องเรียน!CL:CL,"1") -> 0 | M24: =SUM(C24,E24,G24,I24,K24) -> 0 | N24: =SUM(D24,F24,H24,J24,L24) -> 0 | O24: =COUNTIFS(เรื่องร้องเรียน!E:E,"1",เรื่องร้องเรียน!N:N,"คลองสามวา",เรื่องร้องเรียน!AN:AN,"นิมิตรใหม่",เรื่องร้องเรียน!AQ:AQ,"1",เรื่องร้องเรียน!CL:CL,"") -> 0 | P24: =COUNTIFS(เรื่องร้องเรียน!E:E,"2",เรื่องร้องเรียน!N:N,"คลองสามวา",เรื่องร้องเรียน!AN:AN,"นิมิตรใหม่",เรื่องร้องเรียน!AQ:AQ,"1",เรื่องร้องเรียน!CL:CL,"") -> 0 | Q24: =COUNTIFS(เรื่องร้องเรียน!E:E,"3",เรื่องร้องเรียน!N:N,"คลองสามวา",เรื่องร้องเรียน!AN:AN,"นิมิตรใหม่",เรื่องร้องเรียน!AQ:AQ,"1",เรื่องร้องเรียน!CL:CL,"") -> 0 | R24: =COUNTIFS(เรื่องร้องเรียน!E:E,"4",เรื่องร้องเรียน!N:N,"คลองสามวา",เรื่องร้องเรียน!AN:AN,"นิมิตรใหม่",เรื่องร้องเรียน!AQ:AQ,"1",เรื่องร้องเรียน!CL:CL,"") -> 0 | T24: =SUM(O24:S24) -> 0 | U24: =M24-N24-T24 -> 0 | W24: =SUM(M24-N24) -> 0
B25: บางชัน | C25: =COUNTIFS(เรื่องร้องเรียน!E:E,"1",เรื่องร้องเรียน!N:N,"คลองสามวา",เรื่องร้องเรียน!AN:AN,"บางชัน") -> 0 | D25: =COUNTIFS(เรื่องร้องเรียน!E:E,"1",เรื่องร้องเรียน!N:N,"คลองสามวา",เรื่องร้องเรียน!AN:AN,"บางชัน",เรื่องร้องเรียน!CL:CL,"1") -> 0 | E25: =COUNTIFS(เรื่องร้องเรียน!E:E,"2",เรื่องร้องเรียน!N:N,"คลองสามวา",เรื่องร้องเรียน!AN:AN,"บางชัน") -> 0 | F25: =COUNTIFS(เรื่องร้องเรียน!E:E,"2",เรื่องร้องเรียน!N:N,"คลองสามวา",เรื่องร้องเรียน!AN:AN,"บางชัน",เรื่องร้องเรียน!CL:CL,"1") -> 0 | G25: =COUNTIFS(เรื่องร้องเรียน!E:E,"3",เรื่องร้องเรียน!N:N,"คลองสามวา",เรื่องร้องเรียน!AN:AN,"บางชัน") -> 0 | H25: =COUNTIFS(เรื่องร้องเรียน!E:E,"3",เรื่องร้องเรียน!N:N,"คลองสามวา",เรื่องร้องเรียน!AN:AN,"บางชัน",เรื่องร้องเรียน!CL:CL,"1") -> 0 | I25: =COUNTIFS(เรื่องร้องเรียน!E:E,"4",เรื่องร้องเรียน!N:N,"คลองสามวา",เรื่องร้องเรียน!AN:AN,"บางชัน") -> 0 | J25: =COUNTIFS(เรื่องร้องเรียน!E:E,"4",เรื่องร้องเรียน!N:N,"คลองสามวา",เรื่องร้องเรียน!AN:AN,"บางชัน",เรื่องร้องเรียน!CL:CL,"1") -> 0 | M25: =SUM(C25,E25,G25,I25,K25) -> 0 | N25: =SUM(D25,F25,H25,J25,L25) -> 0 | O25: =COUNTIFS(เรื่องร้องเรียน!E:E,"1",เรื่องร้องเรียน!N:N,"คลองสามวา",เรื่องร้องเรียน!AN:AN,"บางชัน",เรื่องร้องเรียน!AQ:AQ,"1",เรื่องร้องเรียน!CL:CL,"") -> 0 | P25: =COUNTIFS(เรื่องร้องเรียน!E:E,"2",เรื่องร้องเรียน!N:N,"คลองสามวา",เรื่องร้องเรียน!AN:AN,"บางชัน",เรื่องร้องเรียน!AQ:AQ,"1",เรื่องร้องเรียน!CL:CL,"") -> 0 | Q25: =COUNTIFS(เรื่องร้องเรียน!E:E,"3",เรื่องร้องเรียน!N:N,"คลองสามวา",เรื่องร้องเรียน!AN:AN,"บางชัน",เรื่องร้องเรียน!AQ:AQ,"1",เรื่องร้องเรียน!CL:CL,"") -> 0 | R25: =COUNTIFS(เรื่องร้องเรียน!E:E,"4",เรื่องร้องเรียน!N:N,"คลองสามวา",เรื่องร้องเรียน!AN:AN,"บางชัน",เรื่องร้องเรียน!AQ:AQ,"1",เรื่องร้องเรียน!CL:CL,"") -> 0 | T25: =SUM(O25:S25) -> 0 | U25: =M25-N25-T25 -> 0 | W25: =SUM(M25-N25) -> 0
B26: มีนบุรี | C26: =COUNTIFS(เรื่องร้องเรียน!E:E,"1",เรื่องร้องเรียน!N:N,"คลองสามวา",เรื่องร้องเรียน!AN:AN,"มีนบุรี") -> 0 | D26: =COUNTIFS(เรื่องร้องเรียน!E:E,"1",เรื่องร้องเรียน!N:N,"คลองสามวา",เรื่องร้องเรียน!AN:AN,"มีนบุรี",เรื่องร้องเรียน!CL:CL,"1") -> 0 | E26: =COUNTIFS(เรื่องร้องเรียน!E:E,"2",เรื่องร้องเรียน!N:N,"คลองสามวา",เรื่องร้องเรียน!AN:AN,"มีนบุรี") -> 0 | F26: =COUNTIFS(เรื่องร้องเรียน!E:E,"2",เรื่องร้องเรียน!N:N,"คลองสามวา",เรื่องร้องเรียน!AN:AN,"มีนบุรี",เรื่องร้องเรียน!CL:CL,"1") -> 0 | G26: =COUNTIFS(เรื่องร้องเรียน!E:E,"3",เรื่องร้องเรียน!N:N,"คลองสามวา",เรื่องร้องเรียน!AN:AN,"มีนบุรี") -> 0 | H26: =COUNTIFS(เรื่องร้องเรียน!E:E,"3",เรื่องร้องเรียน!N:N,"คลองสามวา",เรื่องร้องเรียน!AN:AN,"มีนบุรี",เรื่องร้องเรียน!CL:CL,"1") -> 0 | I26: =COUNTIFS(เรื่องร้องเรียน!E:E,"4",เรื่องร้องเรียน!N:N,"คลองสามวา",เรื่องร้องเรียน!AN:AN,"มีนบุรี") -> 0 | J26: =COUNTIFS(เรื่องร้องเรียน!E:E,"4",เรื่องร้องเรียน!N:N,"คลองสามวา",เรื่องร้องเรียน!AN:AN,"มีนบุรี",เรื่องร้องเรียน!CL:CL,"1") -> 0 | M26: =SUM(C26,E26,G26,I26,K26) -> 0 | N26: =SUM(D26,F26,H26,J26,L26) -> 0 | O26: =COUNTIFS(เรื่องร้องเรียน!E:E,"1",เรื่องร้องเรียน!N:N,"คลองสามวา",เรื่องร้องเรียน!AN:AN,"มีนบุรี",เรื่องร้องเรียน!AQ:AQ,"1",เรื่องร้องเรียน!CL:CL,"") -> 0 | P26: =COUNTIFS(เรื่องร้องเรียน!E:E,"2",เรื่องร้องเรียน!N:N,"คลองสามวา",เรื่องร้องเรียน!AN:AN,"มีนบุรี",เรื่องร้องเรียน!AQ:AQ,"1",เรื่องร้องเรียน!CL:CL,"") -> 0 | Q26: =COUNTIFS(เรื่องร้องเรียน!E:E,"3",เรื่องร้องเรียน!N:N,"คลองสามวา",เรื่องร้องเรียน!AN:AN,"มีนบุรี",เรื่องร้องเรียน!AQ:AQ,"1",เรื่องร้องเรียน!CL:CL,"") -> 0 | R26: =COUNTIFS(เรื่องร้องเรียน!E:E,"4",เรื่องร้องเรียน!N:N,"คลองสามวา",เรื่องร้องเรียน!AN:AN,"มีนบุรี",เรื่องร้องเรียน!AQ:AQ,"1",เรื่องร้องเรียน!CL:CL,"") -> 0 | T26: =SUM(O26:S26) -> 0 | U26: =M26-N26-T26 -> 0 | W26: =SUM(M26-N26) -> 0
A27: คันนายาว | B27: รวม | C27: =SUM(C28:C32 ) -> 0 | D27: =SUM(D28:D32 ) -> 0 | E27: =SUM(E28:E32 ) -> 0 | F27: =SUM(F28:F32 ) -> 0 | G27: =SUM(G28:G32 ) -> 0 | H27: =SUM(H28:H32 ) -> 0 | I27: =SUM(I28:I32 ) -> 0 | J27: =SUM(J28:J32 ) -> 0 | ... T27: =SUM(T28:T32 ) -> 0 | U27: =M27-N27-T27 -> 0 | W27: =SUM(M27-N27) -> 0
B28: สปพ. | K28: =COUNTIFS(เรื่องร้องเรียน!E:E,"5",เรื่องร้องเรียน!N:N,"คันนายาว") -> 0 | L28: =COUNTIFS(เรื่องร้องเรียน!E:E,"5",เรื่องร้องเรียน!N:N,"คันนายาว",เรื่องร้องเรียน!CL:CL,"1") -> 0 | M28: =SUM(C28,E28,G28,I28,K28) -> 0 | N28: =SUM(D28,F28,H28,J28,L28) -> 0 | S28: =COUNTIFS(เรื่องร้องเรียน!E:E,"5",เรื่องร้องเรียน!N:N,"คันนายาว",เรื่องร้องเรียน!AQ:AQ,"1",เรื่องร้องเรียน!CL:CL,"") -> 0 | T28: =SUM(O28:S28) -> 0 | U28: =M28-N28-T28 -> 0 | W28: =SUM(M28-N28) -> 0
B29: คันนายาว | C29: =COUNTIFS(เรื่องร้องเรียน!E:E,"1",เรื่องร้องเรียน!N:N,"คันนายาว",เรื่องร้องเรียน!AN:AN,"คันนายาว") -> 0 | D29: =COUNTIFS(เรื่องร้องเรียน!E:E,"1",เรื่องร้องเรียน!N:N,"คันนายาว",เรื่องร้องเรียน!AN:AN,"คันนายาว",เรื่องร้องเรียน!CL:CL,"1") -> 0 | E29: =COUNTIFS(เรื่องร้องเรียน!E:E,"2",เรื่องร้องเรียน!N:N,"คันนายาว",เรื่องร้องเรียน!AN:AN,"คันนายาว") -> 0 | F29: =COUNTIFS(เรื่องร้องเรียน!E:E,"2",เรื่องร้องเรียน!N:N,"คันนายาว",เรื่องร้องเรียน!AN:AN,"คันนายาว",เรื่องร้องเรียน!CL:CL,"1") -> 0 | G29: =COUNTIFS(เรื่องร้องเรียน!E:E,"3",เรื่องร้องเรียน!N:N,"คันนายาว",เรื่องร้องเรียน!AN:AN,"คันนายาว") -> 0 | H29: =COUNTIFS(เรื่องร้องเรียน!E:E,"3",เรื่องร้องเรียน!N:N,"คันนายาว",เรื่องร้องเรียน!AN:AN,"คันนายาว",เรื่องร้องเรียน!CL:CL,"1") -> 0 | I29: =COUNTIFS(เรื่องร้องเรียน!E:E,"4",เรื่องร้องเรียน!N:N,"คันนายาว",เรื่องร้องเรียน!AN:AN,"คันนายาว") -> 0 | J29: =COUNTIFS(เรื่องร้องเรียน!E:E,"4",เรื่องร้องเรียน!N:N,"คันนายาว",เรื่องร้องเรียน!AN:AN,"คันนายาว",เรื่องร้องเรียน!CL:CL,"1") -> 0 | M29: =SUM(C29,E29,G29,I29,K29) -> 0 | N29: =SUM(D29,F29,H29,J29,L29) -> 0 | O29: =COUNTIFS(เรื่องร้องเรียน!E:E,"1",เรื่องร้องเรียน!N:N,"คันนายาว",เรื่องร้องเรียน!AN:AN,"คันนายาว",เรื่องร้องเรียน!AQ:AQ,"1",เรื่องร้องเรียน!CL:CL,"") -> 0 | P29: =COUNTIFS(เรื่องร้องเรียน!E:E,"2",เรื่องร้องเรียน!N:N,"คันนายาว",เรื่องร้องเรียน!AN:AN,"คันนายาว",เรื่องร้องเรียน!AQ:AQ,"1",เรื่องร้องเรียน!CL:CL,"") -> 0 | Q29: =COUNTIFS(เรื่องร้องเรียน!E:E,"3",เรื่องร้องเรียน!N:N,"คันนายาว",เรื่องร้องเรียน!AN:AN,"คันนายาว",เรื่องร้องเรียน!AQ:AQ,"1",เรื่องร้องเรียน!CL:CL,"") -> 0 | R29: =COUNTIFS(เรื่องร้องเรียน!E:E,"4",เรื่องร้องเรียน!N:N,"คันนายาว",เรื่องร้องเรียน!AN:AN,"คันนายาว",เรื่องร้องเรียน!AQ:AQ,"1",เรื่องร้องเรียน!CL:CL,"") -> 0 | T29: =SUM(O29:S29) -> 0 | U29: =M29-N29-T29 -> 0 | W29: =SUM(M29-N29) -> 0
B30: โคกคราม | C30: =COUNTIFS(เรื่องร้องเรียน!E:E,"1",เรื่องร้องเรียน!N:N,"คันนายาว",เรื่องร้องเรียน!AN:AN,"โคกคราม") -> 0 | D30: =COUNTIFS(เรื่องร้องเรียน!E:E,"1",เรื่องร้องเรียน!N:N,"คันนายาว",เรื่องร้องเรียน!AN:AN,"โคกคราม",เรื่องร้องเรียน!CL:CL,"1") -> 0 | E30: =COUNTIFS(เรื่องร้องเรียน!E:E,"2",เรื่องร้องเรียน!N:N,"คันนายาว",เรื่องร้องเรียน!AN:AN,"โคกคราม") -> 0 | F30: =COUNTIFS(เรื่องร้องเรียน!E:E,"2",เรื่องร้องเรียน!N:N,"คันนายาว",เรื่องร้องเรียน!AN:AN,"โคกคราม",เรื่องร้องเรียน!CL:CL,"1") -> 0 | G30: =COUNTIFS(เรื่องร้องเรียน!E:E,"3",เรื่องร้องเรียน!N:N,"คันนายาว",เรื่องร้องเรียน!AN:AN,"โคกคราม") -> 0 | H30: =COUNTIFS(เรื่องร้องเรียน!E:E,"3",เรื่องร้องเรียน!N:N,"คันนายาว",เรื่องร้องเรียน!AN:AN,"โคกคราม",เรื่องร้องเรียน!CL:CL,"1") -> 0 | I30: =COUNTIFS(เรื่องร้องเรียน!E:E,"4",เรื่องร้องเรียน!N:N,"คันนายาว",เรื่องร้องเรียน!AN:AN,"โคกคราม") -> 0 | J30: =COUNTIFS(เรื่องร้องเรียน!E:E,"4",เรื่องร้องเรียน!N:N,"คันนายาว",เรื่องร้องเรียน!AN:AN,"โคกคราม",เรื่องร้องเรียน!CL:CL,"1") -> 0 | M30: =SUM(C30,E30,G30,I30,K30) -> 0 | N30: =SUM(D30,F30,H30,J30,L30) -> 0 | O30: =COUNTIFS(เรื่องร้องเรียน!E:E,"1",เรื่องร้องเรียน!N:N,"คันนายาว",เรื่องร้องเรียน!AN:AN,"โคกคราม",เรื่องร้องเรียน!AQ:AQ,"1",เรื่องร้องเรียน!CL:CL,"") -> 0 | P30: =COUNTIFS(เรื่องร้องเรียน!E:E,"2",เรื่องร้องเรียน!N:N,"คันนายาว",เรื่องร้องเรียน!AN:AN,"โคกคราม",เรื่องร้องเรียน!AQ:AQ,"1",เรื่องร้องเรียน!CL:CL,"") -> 0 | Q30: =COUNTIFS(เรื่องร้องเรียน!E:E,"3",เรื่องร้องเรียน!N:N,"คันนายาว",เรื่องร้องเรียน!AN:AN,"โคกคราม",เรื่องร้องเรียน!AQ:AQ,"1",เรื่องร้องเรียน!CL:CL,"") -> 0 | R30: =COUNTIFS(เรื่องร้องเรียน!E:E,"4",เรื่องร้องเรียน!N:N,"คันนายาว",เรื่องร้องเรียน!AN:AN,"โคกคราม",เรื่องร้องเรียน!AQ:AQ,"1",เรื่องร้องเรียน!CL:CL,"") -> 0 | T30: =SUM(O30:S30) -> 0 | U30: =M30-N30-T30 -> 0 | W30: =SUM(M30-N30) -> 0
B31: บางชัน | C31: =COUNTIFS(เรื่องร้องเรียน!E:E,"1",เรื่องร้องเรียน!N:N,"คันนายาว",เรื่องร้องเรียน!AN:AN,"บางชัน") -> 0 | D31: =COUNTIFS(เรื่องร้องเรียน!E:E,"1",เรื่องร้องเรียน!N:N,"คันนายาว",เรื่องร้องเรียน!AN:AN,"บางชัน",เรื่องร้องเรียน!CL:CL,"1") -> 0 | E31: =COUNTIFS(เรื่องร้องเรียน!E:E,"2",เรื่องร้องเรียน!N:N,"คันนายาว",เรื่องร้องเรียน!AN:AN,"บางชัน") -> 0 | F31: =COUNTIFS(เรื่องร้องเรียน!E:E,"2",เรื่องร้องเรียน!N:N,"คันนายาว",เรื่องร้องเรียน!AN:AN,"บางชัน",เรื่องร้องเรียน!CL:CL,"1") -> 0 | G31: =COUNTIFS(เรื่องร้องเรียน!E:E,"3",เรื่องร้องเรียน!N:N,"คันนายาว",เรื่องร้องเรียน!AN:AN,"บางชัน") -> 0 | H31: =COUNTIFS(เรื่องร้องเรียน!E:E,"3",เรื่องร้องเรียน!N:N,"คันนายาว",เรื่องร้องเรียน!AN:AN,"บางชัน",เรื่องร้องเรียน!CL:CL,"1") -> 0 | I31: =COUNTIFS(เรื่องร้องเรียน!E:E,"4",เรื่องร้องเรียน!N:N,"คันนายาว",เรื่องร้องเรียน!AN:AN,"บางชัน") -> 0 | J31: =COUNTIFS(เรื่องร้องเรียน!E:E,"4",เรื่องร้องเรียน!N:N,"คันนายาว",เรื่องร้องเรียน!AN:AN,"บางชัน",เรื่องร้องเรียน!CL:CL,"1") -> 0 | M31: =SUM(C31,E31,G31,I31,K31) -> 0 | N31: =SUM(D31,F31,H31,J31,L31) -> 0 | O31: =COUNTIFS(เรื่องร้องเรียน!E:E,"1",เรื่องร้องเรียน!N:N,"คันนายาว",เรื่องร้องเรียน!AN:AN,"บางชัน",เรื่องร้องเรียน!AQ:AQ,"1",เรื่องร้องเรียน!CL:CL,"") -> 0 | P31: =COUNTIFS(เรื่องร้องเรียน!E:E,"2",เรื่องร้องเรียน!N:N,"คันนายาว",เรื่องร้องเรียน!AN:AN,"บางชัน",เรื่องร้องเรียน!AQ:AQ,"1",เรื่องร้องเรียน!CL:CL,"") -> 0 | Q31: =COUNTIFS(เรื่องร้องเรียน!E:E,"3",เรื่องร้องเรียน!N:N,"คันนายาว",เรื่องร้องเรียน!AN:AN,"บางชัน",เรื่องร้องเรียน!AQ:AQ,"1",เรื่องร้องเรียน!CL:CL,"") -> 0 | R31: =COUNTIFS(เรื่องร้องเรียน!E:E,"4",เรื่องร้องเรียน!N:N,"คันนายาว",เรื่องร้องเรียน!AN:AN,"บางชัน",เรื่องร้องเรียน!AQ:AQ,"1",เรื่องร้องเรียน!CL:CL,"") -> 0 | T31: =SUM(O31:S31) -> 0 | U31: =M31-N31-T31 -> 0 | W31: =SUM(M31-N31) -> 0
B32: บึงกุ่ม | C32: =COUNTIFS(เรื่องร้องเรียน!E:E,"1",เรื่องร้องเรียน!N:N,"คันนายาว",เรื่องร้องเรียน!AN:AN,"บึงกุ่ม") -> 0 | D32: =COUNTIFS(เรื่องร้องเรียน!E:E,"1",เรื่องร้องเรียน!N:N,"คันนายาว",เรื่องร้องเรียน!AN:AN,"บึงกุ่ม",เรื่องร้องเรียน!CL:CL,"1") -> 0 | E32: =COUNTIFS(เรื่องร้องเรียน!E:E,"2",เรื่องร้องเรียน!N:N,"คันนายาว",เรื่องร้องเรียน!AN:AN,"บึงกุ่ม") -> 0 | F32: =COUNTIFS(เรื่องร้องเรียน!E:E,"2",เรื่องร้องเรียน!N:N,"คันนายาว",เรื่องร้องเรียน!AN:AN,"บึงกุ่ม",เรื่องร้องเรียน!CL:CL,"1") -> 0 | G32: =COUNTIFS(เรื่องร้องเรียน!E:E,"3",เรื่องร้องเรียน!N:N,"คันนายาว",เรื่องร้องเรียน!AN:AN,"บึงกุ่ม") -> 0 | H32: =COUNTIFS(เรื่องร้องเรียน!E:E,"3",เรื่องร้องเรียน!N:N,"คันนายาว",เรื่องร้องเรียน!AN:AN,"บึงกุ่ม",เรื่องร้องเรียน!CL:CL,"1") -> 0 | I32: =COUNTIFS(เรื่องร้องเรียน!E:E,"4",เรื่องร้องเรียน!N:N,"คันนายาว",เรื่องร้องเรียน!AN:AN,"บึงกุ่ม") -> 0 | J32: =COUNTIFS(เรื่องร้องเรียน!E:E,"4",เรื่องร้องเรียน!N:N,"คันนายาว",เรื่องร้องเรียน!AN:AN,"บึงกุ่ม",เรื่องร้องเรียน!CL:CL,"1") -> 0 | M32: =SUM(C32,E32,G32,I32,K32) -> 0 | N32: =SUM(D32,F32,H32,J32,L32) -> 0 | O32: =COUNTIFS(เรื่องร้องเรียน!E:E,"1",เรื่องร้องเรียน!N:N,"คันนายาว",เรื่องร้องเรียน!AN:AN,"บึงกุ่ม",เรื่องร้องเรียน!AQ:AQ,"1",เรื่องร้องเรียน!CL:CL,"") -> 0 | P32: =COUNTIFS(เรื่องร้องเรียน!E:E,"2",เรื่องร้องเรียน!N:N,"คันนายาว",เรื่องร้องเรียน!AN:AN,"บึงกุ่ม",เรื่องร้องเรียน!AQ:AQ,"1",เรื่องร้องเรียน!CL:CL,"") -> 0 | Q32: =COUNTIFS(เรื่องร้องเรียน!E:E,"3",เรื่องร้องเรียน!N:N,"คันนายาว",เรื่องร้องเรียน!AN:AN,"บึงกุ่ม",เรื่องร้องเรียน!AQ:AQ,"1",เรื่องร้องเรียน!CL:CL,"") -> 0 | R32: =COUNTIFS(เรื่องร้องเรียน!E:E,"4",เรื่องร้องเรียน!N:N,"คันนายาว",เรื่องร้องเรียน!AN:AN,"บึงกุ่ม",เรื่องร้องเรียน!AQ:AQ,"1",เรื่องร้องเรียน!CL:CL,"") -> 0 | T32: =SUM(O32:S32) -> 0 | U32: =M32-N32-T32 -> 0 | W32: =SUM(M32-N32) -> 0
A33: จตุจักร | B33: รวม | C33: =SUM(C34:C41) -> 0 | D33: =SUM(D34:D41) -> 0 | E33: =SUM(E34:E41) -> 0 | F33: =SUM(F34:F41) -> 0 | G33: =SUM(G34:G41) -> 0 | H33: =SUM(H34:H41) -> 0 | I33: =SUM(I34:I41) -> 0 | J33: =SUM(J34:J41) -> 0 | ... T33: =SUM(T34:T41) -> 0 | U33: =M33-N33-T33 -> 0 | W33: =SUM(M33-N33) -> 0
B34: สปพ. | K34: =COUNTIFS(เรื่องร้องเรียน!E:E,"5",เรื่องร้องเรียน!N:N,"จตุจักร") -> 0 | L34: =COUNTIFS(เรื่องร้องเรียน!E:E,"5",เรื่องร้องเรียน!N:N,"จตุจักร",เรื่องร้องเรียน!CL:CL,"1") -> 0 | M34: =SUM(C34,E34,G34,I34,K34) -> 0 | N34: =SUM(D34,F34,H34,J34,L34) -> 0 | S34: =COUNTIFS(เรื่องร้องเรียน!E:E,"5",เรื่องร้องเรียน!N:N,"จตุจักร",เรื่องร้องเรียน!AQ:AQ,"1",เรื่องร้องเรียน!CL:CL,"") -> 0 | T34: =SUM(O34:S34) -> 0 | U34: =M34-N34-T34 -> 0 | W34: =SUM(M34-N34) -> 0
B35: ทุ่งสองห้อง | C35: =COUNTIFS(เรื่องร้องเรียน!E:E,"1",เรื่องร้องเรียน!N:N,"จตุจักร",เรื่องร้องเรียน!AN:AN,"ทุ่งสองห้อง") -> 0 | D35: =COUNTIFS(เรื่องร้องเรียน!E:E,"1",เรื่องร้องเรียน!N:N,"จตุจักร",เรื่องร้องเรียน!AN:AN,"ทุ่งสองห้อง",เรื่องร้องเรียน!CL:CL,"1") -> 0 | E35: =COUNTIFS(เรื่องร้องเรียน!E:E,"2",เรื่องร้องเรียน!N:N,"จตุจักร",เรื่องร้องเรียน!AN:AN,"ทุ่งสองห้อง") -> 0 | F35: =COUNTIFS(เรื่องร้องเรียน!E:E,"2",เรื่องร้องเรียน!N:N,"จตุจักร",เรื่องร้องเรียน!AN:AN,"ทุ่งสองห้อง",เรื่องร้องเรียน!CL:CL,"1") -> 0 | G35: =COUNTIFS(เรื่องร้องเรียน!E:E,"3",เรื่องร้องเรียน!N:N,"จตุจักร",เรื่องร้องเรียน!AN:AN,"ทุ่งสองห้อง") -> 0 | H35: =COUNTIFS(เรื่องร้องเรียน!E:E,"3",เรื่องร้องเรียน!N:N,"จตุจักร",เรื่องร้องเรียน!AN:AN,"ทุ่งสองห้อง",เรื่องร้องเรียน!CL:CL,"1") -> 0 | I35: =COUNTIFS(เรื่องร้องเรียน!E:E,"4",เรื่องร้องเรียน!N:N,"จตุจักร",เรื่องร้องเรียน!AN:AN,"ทุ่งสองห้อง") -> 0 | J35: =COUNTIFS(เรื่องร้องเรียน!E:E,"4",เรื่องร้องเรียน!N:N,"จตุจักร",เรื่องร้องเรียน!AN:AN,"ทุ่งสองห้อง",เรื่องร้องเรียน!CL:CL,"1") -> 0 | M35: =SUM(C35,E35,G35,I35,K35) -> 0 | N35: =SUM(D35,F35,H35,J35,L35) -> 0 | O35: =COUNTIFS(เรื่องร้องเรียน!E:E,"1",เรื่องร้องเรียน!N:N,"จตุจักร",เรื่องร้องเรียน!AN:AN,"ทุ่งสองห้อง",เรื่องร้องเรียน!AQ:AQ,"1",เรื่องร้องเรียน!CL:CL,"") -> 0 | P35: =COUNTIFS(เรื่องร้องเรียน!E:E,"2",เรื่องร้องเรียน!N:N,"จตุจักร",เรื่องร้องเรียน!AN:AN,"ทุ่งสองห้อง",เรื่องร้องเรียน!AQ:AQ,"1",เรื่องร้องเรียน!CL:CL,"") -> 0 | Q35: =COUNTIFS(เรื่องร้องเรียน!E:E,"3",เรื่องร้องเรียน!N:N,"จตุจักร",เรื่องร้องเรียน!AN:AN,"ทุ่งสองห้อง",เรื่องร้องเรียน!AQ:AQ,"1",เรื่องร้องเรียน!CL:CL,"") -> 0 | R35: =COUNTIFS(เรื่องร้องเรียน!E:E,"4",เรื่องร้องเรียน!N:N,"จตุจักร",เรื่องร้องเรียน!AN:AN,"ทุ่งสองห้อง",เรื่องร้องเรียน!AQ:AQ,"1",เรื่องร้องเรียน!CL:CL,"") -> 0 | T35: =SUM(O35:S35) -> 0 | U35: =M35-N35-T35 -> 0 | W35: =SUM(M35-N35) -> 0
B36: บางเขน | C36: =COUNTIFS(เรื่องร้องเรียน!E:E,"1",เรื่องร้องเรียน!N:N,"จตุจักร",เรื่องร้องเรียน!AN:AN,"บางเขน") -> 0 | D36: =COUNTIFS(เรื่องร้องเรียน!E:E,"1",เรื่องร้องเรียน!N:N,"จตุจักร",เรื่องร้องเรียน!AN:AN,"บางเขน",เรื่องร้องเรียน!CL:CL,"1") -> 0 | E36: =COUNTIFS(เรื่องร้องเรียน!E:E,"2",เรื่องร้องเรียน!N:N,"จตุจักร",เรื่องร้องเรียน!AN:AN,"บางเขน") -> 0 | F36: =COUNTIFS(เรื่องร้องเรียน!E:E,"2",เรื่องร้องเรียน!N:N,"จตุจักร",เรื่องร้องเรียน!AN:AN,"บางเขน",เรื่องร้องเรียน!CL:CL,"1") -> 0 | G36: =COUNTIFS(เรื่องร้องเรียน!E:E,"3",เรื่องร้องเรียน!N:N,"จตุจักร",เรื่องร้องเรียน!AN:AN,"บางเขน") -> 0 | H36: =COUNTIFS(เรื่องร้องเรียน!E:E,"3",เรื่องร้องเรียน!N:N,"จตุจักร",เรื่องร้องเรียน!AN:AN,"บางเขน",เรื่องร้องเรียน!CL:CL,"1") -> 0 | I36: =COUNTIFS(เรื่องร้องเรียน!E:E,"4",เรื่องร้องเรียน!N:N,"จตุจักร",เรื่องร้องเรียน!AN:AN,"บางเขน") -> 0 | J36: =COUNTIFS(เรื่องร้องเรียน!E:E,"4",เรื่องร้องเรียน!N:N,"จตุจักร",เรื่องร้องเรียน!AN:AN,"บางเขน",เรื่องร้องเรียน!CL:CL,"1") -> 0 | M36: =SUM(C36,E36,G36,I36,K36) -> 0 | N36: =SUM(D36,F36,H36,J36,L36) -> 0 | O36: =COUNTIFS(เรื่องร้องเรียน!E:E,"1",เรื่องร้องเรียน!N:N,"จตุจักร",เรื่องร้องเรียน!AN:AN,"บางเขน",เรื่องร้องเรียน!AQ:AQ,"1",เรื่องร้องเรียน!CL:CL,"") -> 0 | P36: =COUNTIFS(เรื่องร้องเรียน!E:E,"2",เรื่องร้องเรียน!N:N,"จตุจักร",เรื่องร้องเรียน!AN:AN,"บางเขน",เรื่องร้องเรียน!AQ:AQ,"1",เรื่องร้องเรียน!CL:CL,"") -> 0 | Q36: =COUNTIFS(เรื่องร้องเรียน!E:E,"3",เรื่องร้องเรียน!N:N,"จตุจักร",เรื่องร้องเรียน!AN:AN,"บางเขน",เรื่องร้องเรียน!AQ:AQ,"1",เรื่องร้องเรียน!CL:CL,"") -> 0 | R36: =COUNTIFS(เรื่องร้องเรียน!E:E,"4",เรื่องร้องเรียน!N:N,"จตุจักร",เรื่องร้องเรียน!AN:AN,"บางเขน",เรื่องร้องเรียน!AQ:AQ,"1",เรื่องร้องเรียน!CL:CL,"") -> 0 | T36: =SUM(O36:S36) -> 0 | U36: =M36-N36-T36 -> 0 | W36: =SUM(M36-N36) -> 0
B37: บางซื่อ | C37: =COUNTIFS(เรื่องร้องเรียน!E:E,"1",เรื่องร้องเรียน!N:N,"จตุจักร",เรื่องร้องเรียน!AN:AN,"บางซื่อ") -> 0 | D37: =COUNTIFS(เรื่องร้องเรียน!E:E,"1",เรื่องร้องเรียน!N:N,"จตุจักร",เรื่องร้องเรียน!AN:AN,"บางซื่อ",เรื่องร้องเรียน!CL:CL,"1") -> 0 | E37: =COUNTIFS(เรื่องร้องเรียน!E:E,"2",เรื่องร้องเรียน!N:N,"จตุจักร",เรื่องร้องเรียน!AN:AN,"บางซื่อ") -> 0 | F37: =COUNTIFS(เรื่องร้องเรียน!E:E,"2",เรื่องร้องเรียน!N:N,"จตุจักร",เรื่องร้องเรียน!AN:AN,"บางซื่อ",เรื่องร้องเรียน!CL:CL,"1") -> 0 | G37: =COUNTIFS(เรื่องร้องเรียน!E:E,"3",เรื่องร้องเรียน!N:N,"จตุจักร",เรื่องร้องเรียน!AN:AN,"บางซื่อ") -> 0 | H37: =COUNTIFS(เรื่องร้องเรียน!E:E,"3",เรื่องร้องเรียน!N:N,"จตุจักร",เรื่องร้องเรียน!AN:AN,"บางซื่อ",เรื่องร้องเรียน!CL:CL,"1") -> 0 | I37: =COUNTIFS(เรื่องร้องเรียน!E:E,"4",เรื่องร้องเรียน!N:N,"จตุจักร",เรื่องร้องเรียน!AN:AN,"บางซื่อ") -> 0 | J37: =COUNTIFS(เรื่องร้องเรียน!E:E,"4",เรื่องร้องเรียน!N:N,"จตุจักร",เรื่องร้องเรียน!AN:AN,"บางซื่อ",เรื่องร้องเรียน!CL:CL,"1") -> 0 | M37: =SUM(C37,E37,G37,I37,K37) -> 0 | N37: =SUM(D37,F37,H37,J37,L37) -> 0 | O37: =COUNTIFS(เรื่องร้องเรียน!E:E,"1",เรื่องร้องเรียน!N:N,"จตุจักร",เรื่องร้องเรียน!AN:AN,"บางซื่อ",เรื่องร้องเรียน!AQ:AQ,"1",เรื่องร้องเรียน!CL:CL,"") -> 0 | P37: =COUNTIFS(เรื่องร้องเรียน!E:E,"2",เรื่องร้องเรียน!N:N,"จตุจักร",เรื่องร้องเรียน!AN:AN,"บางซื่อ",เรื่องร้องเรียน!AQ:AQ,"1",เรื่องร้องเรียน!CL:CL,"") -> 0 | Q37: =COUNTIFS(เรื่องร้องเรียน!E:E,"3",เรื่องร้องเรียน!N:N,"จตุจักร",เรื่องร้องเรียน!AN:AN,"บางซื่อ",เรื่องร้องเรียน!AQ:AQ,"1",เรื่องร้องเรียน!CL:CL,"") -> 0 | R37: =COUNTIFS(เรื่องร้องเรียน!E:E,"4",เรื่องร้องเรียน!N:N,"จตุจักร",เรื่องร้องเรียน!AN:AN,"บางซื่อ",เรื่องร้องเรียน!AQ:AQ,"1",เรื่องร้องเรียน!CL:CL,"") -> 0 | T37: =SUM(O37:S37) -> 0 | U37: =M37-N37-T37 -> 0 | W37: =SUM(M37-N37) -> 0
B38: ประชาชื่น | C38: =COUNTIFS(เรื่องร้องเรียน!E:E,"1",เรื่องร้องเรียน!N:N,"จตุจักร",เรื่องร้องเรียน!AN:AN,"ประชาชื่น") -> 0 | D38: =COUNTIFS(เรื่องร้องเรียน!E:E,"1",เรื่องร้องเรียน!N:N,"จตุจักร",เรื่องร้องเรียน!AN:AN,"ประชาชื่น",เรื่องร้องเรียน!CL:CL,"1") -> 0 | E38: =COUNTIFS(เรื่องร้องเรียน!E:E,"2",เรื่องร้องเรียน!N:N,"จตุจักร",เรื่องร้องเรียน!AN:AN,"ประชาชื่น") -> 0 | F38: =COUNTIFS(เรื่องร้องเรียน!E:E,"2",เรื่องร้องเรียน!N:N,"จตุจักร",เรื่องร้องเรียน!AN:AN,"ประชาชื่น",เรื่องร้องเรียน!CL:CL,"1") -> 0 | G38: =COUNTIFS(เรื่องร้องเรียน!E:E,"3",เรื่องร้องเรียน!N:N,"จตุจักร",เรื่องร้องเรียน!AN:AN,"ประชาชื่น") -> 0 | H38: =COUNTIFS(เรื่องร้องเรียน!E:E,"3",เรื่องร้องเรียน!N:N,"จตุจักร",เรื่องร้องเรียน!AN:AN,"ประชาชื่น",เรื่องร้องเรียน!CL:CL,"1") -> 0 | I38: =COUNTIFS(เรื่องร้องเรียน!E:E,"4",เรื่องร้องเรียน!N:N,"จตุจักร",เรื่องร้องเรียน!AN:AN,"ประชาชื่น") -> 0 | J38: =COUNTIFS(เรื่องร้องเรียน!E:E,"4",เรื่องร้องเรียน!N:N,"จตุจักร",เรื่องร้องเรียน!AN:AN,"ประชาชื่น",เรื่องร้องเรียน!CL:CL,"1") -> 0 | M38: =SUM(C38,E38,G38,I38,K38) -> 0 | N38: =SUM(D38,F38,H38,J38,L38) -> 0 | O38: =COUNTIFS(เรื่องร้องเรียน!E:E,"1",เรื่องร้องเรียน!N:N,"จตุจักร",เรื่องร้องเรียน!AN:AN,"ประชาชื่น",เรื่องร้องเรียน!AQ:AQ,"1",เรื่องร้องเรียน!CL:CL,"") -> 0 | P38: =COUNTIFS(เรื่องร้องเรียน!E:E,"2",เรื่องร้องเรียน!N:N,"จตุจักร",เรื่องร้องเรียน!AN:AN,"ประชาชื่น",เรื่องร้องเรียน!AQ:AQ,"1",เรื่องร้องเรียน!CL:CL,"") -> 0 | Q38: =COUNTIFS(เรื่องร้องเรียน!E:E,"3",เรื่องร้องเรียน!N:N,"จตุจักร",เรื่องร้องเรียน!AN:AN,"ประชาชื่น",เรื่องร้องเรียน!AQ:AQ,"1",เรื่องร้องเรียน!CL:CL,"") -> 0 | R38: =COUNTIFS(เรื่องร้องเรียน!E:E,"4",เรื่องร้องเรียน!N:N,"จตุจักร",เรื่องร้องเรียน!AN:AN,"ประชาชื่น",เรื่องร้องเรียน!AQ:AQ,"1",เรื่องร้องเรียน!CL:CL,"") -> 0 | T38: =SUM(O38:S38) -> 0 | U38: =M38-N38-T38 -> 0 | W38: =SUM(M38-N38) -> 0
B39: พหลโยธิน | C39: =COUNTIFS(เรื่องร้องเรียน!E:E,"1",เรื่องร้องเรียน!N:N,"จตุจักร",เรื่องร้องเรียน!AN:AN,"พหลโยธิน") -> 0 | D39: =COUNTIFS(เรื่องร้องเรียน!E:E,"1",เรื่องร้องเรียน!N:N,"จตุจักร",เรื่องร้องเรียน!AN:AN,"พหลโยธิน",เรื่องร้องเรียน!CL:CL,"1") -> 0 | E39: =COUNTIFS(เรื่องร้องเรียน!E:E,"2",เรื่องร้องเรียน!N:N,"จตุจักร",เรื่องร้องเรียน!AN:AN,"พหลโยธิน") -> 0 | F39: =COUNTIFS(เรื่องร้องเรียน!E:E,"2",เรื่องร้องเรียน!N:N,"จตุจักร",เรื่องร้องเรียน!AN:AN,"พหลโยธิน",เรื่องร้องเรียน!CL:CL,"1") -> 0 | G39: =COUNTIFS(เรื่องร้องเรียน!E:E,"3",เรื่องร้องเรียน!N:N,"จตุจักร",เรื่องร้องเรียน!AN:AN,"พหลโยธิน") -> 0 | H39: =COUNTIFS(เรื่องร้องเรียน!E:E,"3",เรื่องร้องเรียน!N:N,"จตุจักร",เรื่องร้องเรียน!AN:AN,"พหลโยธิน",เรื่องร้องเรียน!CL:CL,"1") -> 0 | I39: =COUNTIFS(เรื่องร้องเรียน!E:E,"4",เรื่องร้องเรียน!N:N,"จตุจักร",เรื่องร้องเรียน!AN:AN,"พหลโยธิน") -> 0 | J39: =COUNTIFS(เรื่องร้องเรียน!E:E,"4",เรื่องร้องเรียน!N:N,"จตุจักร",เรื่องร้องเรียน!AN:AN,"พหลโยธิน",เรื่องร้องเรียน!CL:CL,"1") -> 0 | M39: =SUM(C39,E39,G39,I39,K39) -> 0 | N39: =SUM(D39,F39,H39,J39,L39) -> 0 | O39: =COUNTIFS(เรื่องร้องเรียน!E:E,"1",เรื่องร้องเรียน!N:N,"จตุจักร",เรื่องร้องเรียน!AN:AN,"พหลโยธิน",เรื่องร้องเรียน!AQ:AQ,"1",เรื่องร้องเรียน!CL:CL,"") -> 0 | P39: =COUNTIFS(เรื่องร้องเรียน!E:E,"2",เรื่องร้องเรียน!N:N,"จตุจักร",เรื่องร้องเรียน!AN:AN,"พหลโยธิน",เรื่องร้องเรียน!AQ:AQ,"1",เรื่องร้องเรียน!CL:CL,"") -> 0 | Q39: =COUNTIFS(เรื่องร้องเรียน!E:E,"3",เรื่องร้องเรียน!N:N,"จตุจักร",เรื่องร้องเรียน!AN:AN,"พหลโยธิน",เรื่องร้องเรียน!AQ:AQ,"1",เรื่องร้องเรียน!CL:CL,"") -> 0 | R39: =COUNTIFS(เรื่องร้องเรียน!E:E,"4",เรื่องร้องเรียน!N:N,"จตุจักร",เรื่องร้องเรียน!AN:AN,"พหลโยธิน",เรื่องร้องเรียน!AQ:AQ,"1",เรื่องร้องเรียน!CL:CL,"") -> 0 | T39: =SUM(O39:S39) -> 0 | U39: =M39-N39-T39 -> 0 | W39: =SUM(M39-N39) -> 0
B40: สุทธิสาร | C40: =COUNTIFS(เรื่องร้องเรียน!E:E,"1",เรื่องร้องเรียน!N:N,"จตุจักร",เรื่องร้องเรียน!AN:AN,"สุทธิสาร") -> 0 | D40: =COUNTIFS(เรื่องร้องเรียน!E:E,"1",เรื่องร้องเรียน!N:N,"จตุจักร",เรื่องร้องเรียน!AN:AN,"สุทธิสาร",เรื่องร้องเรียน!CL:CL,"1") -> 0 | E40: =COUNTIFS(เรื่องร้องเรียน!E:E,"2",เรื่องร้องเรียน!N:N,"จตุจักร",เรื่องร้องเรียน!AN:AN,"สุทธิสาร") -> 0 | F40: =COUNTIFS(เรื่องร้องเรียน!E:E,"2",เรื่องร้องเรียน!N:N,"จตุจักร",เรื่องร้องเรียน!AN:AN,"สุทธิสาร",เรื่องร้องเรียน!CL:CL,"1") -> 0 | G40: =COUNTIFS(เรื่องร้องเรียน!E:E,"3",เรื่องร้องเรียน!N:N,"จตุจักร",เรื่องร้องเรียน!AN:AN,"สุทธิสาร") -> 0 | H40: =COUNTIFS(เรื่องร้องเรียน!E:E,"3",เรื่องร้องเรียน!N:N,"จตุจักร",เรื่องร้องเรียน!AN:AN,"สุทธิสาร",เรื่องร้องเรียน!CL:CL,"1") -> 0 | I40: =COUNTIFS(เรื่องร้องเรียน!E:E,"4",เรื่องร้องเรียน!N:N,"จตุจักร",เรื่องร้องเรียน!AN:AN,"สุทธิสาร") -> 0 | J40: =COUNTIFS(เรื่องร้องเรียน!E:E,"4",เรื่องร้องเรียน!N:N,"จตุจักร",เรื่องร้องเรียน!AN:AN,"สุทธิสาร",เรื่องร้องเรียน!CL:CL,"1") -> 0 | M40: =SUM(C40,E40,G40,I40,K40) -> 0 | N40: =SUM(D40,F40,H40,J40,L40) -> 0 | O40: =COUNTIFS(เรื่องร้องเรียน!E:E,"1",เรื่องร้องเรียน!N:N,"จตุจักร",เรื่องร้องเรียน!AN:AN,"สุทธิสาร",เรื่องร้องเรียน!AQ:AQ,"1",เรื่องร้องเรียน!CL:CL,"") -> 0 | P40: =COUNTIFS(เรื่องร้องเรียน!E:E,"2",เรื่องร้องเรียน!N:N,"จตุจักร",เรื่องร้องเรียน!AN:AN,"สุทธิสาร",เรื่องร้องเรียน!AQ:AQ,"1",เรื่องร้องเรียน!CL:CL,"") -> 0 | Q40: =COUNTIFS(เรื่องร้องเรียน!E:E,"3",เรื่องร้องเรียน!N:N,"จตุจักร",เรื่องร้องเรียน!AN:AN,"สุทธิสาร",เรื่องร้องเรียน!AQ:AQ,"1",เรื่องร้องเรียน!CL:CL,"") -> 0 | R40: =COUNTIFS(เรื่องร้องเรียน!E:E,"4",เรื่องร้องเรียน!N:N,"จตุจักร",เรื่องร้องเรียน!AN:AN,"สุทธิสาร",เรื่องร้องเรียน!AQ:AQ,"1",เรื่องร้องเรียน!CL:CL,"") -> 0 | T40: =SUM(O40:S40) -> 0 | U40: =M40-N40-T40 -> 0 | W40: =SUM(M40-N40) -> 0
B41: ลาดพร้าว | C41: =COUNTIFS(เรื่องร้องเรียน!E:E,"1",เรื่องร้องเรียน!N:N,"จตุจักร",เรื่องร้องเรียน!AN:AN,"ลาดพร้าว") -> 0 | D41: =COUNTIFS(เรื่องร้องเรียน!E:E,"1",เรื่องร้องเรียน!N:N,"จตุจักร",เรื่องร้องเรียน!AN:AN,"ลาดพร้าว",เรื่องร้องเรียน!CL:CL,"1") -> 0 | E41: =COUNTIFS(เรื่องร้องเรียน!E:E,"2",เรื่องร้องเรียน!N:N,"จตุจักร",เรื่องร้องเรียน!AN:AN,"ลาดพร้าว") -> 0 | F41: =COUNTIFS(เรื่องร้องเรียน!E:E,"2",เรื่องร้องเรียน!N:N,"จตุจักร",เรื่องร้องเรียน!AN:AN,"ลาดพร้าว",เรื่องร้องเรียน!CL:CL,"1") -> 0 | G41: =COUNTIFS(เรื่องร้องเรียน!E:E,"3",เรื่องร้องเรียน!N:N,"จตุจักร",เรื่องร้องเรียน!AN:AN,"ลาดพร้าว") -> 0 | H41: =COUNTIFS(เรื่องร้องเรียน!E:E,"3",เรื่องร้องเรียน!N:N,"จตุจักร",เรื่องร้องเรียน!AN:AN,"ลาดพร้าว",เรื่องร้องเรียน!CL:CL,"1") -> 0 | I41: =COUNTIFS(เรื่องร้องเรียน!E:E,"4",เรื่องร้องเรียน!N:N,"จตุจักร",เรื่องร้องเรียน!AN:AN,"ลาดพร้าว") -> 0 | J41: =COUNTIFS(เรื่องร้องเรียน!E:E,"4",เรื่องร้องเรียน!N:N,"จตุจักร",เรื่องร้องเรียน!AN:AN,"ลาดพร้าว",เรื่องร้องเรียน!CL:CL,"1") -> 0 | M41: =SUM(C41,E41,G41,I41,K41) -> 0 | N41: =SUM(D41,F41,H41,J41,L41) -> 0 | O41: =COUNTIFS(เรื่องร้องเรียน!E:E,"1",เรื่องร้องเรียน!N:N,"จตุจักร",เรื่องร้องเรียน!AN:AN,"ลาดพร้าว",เรื่องร้องเรียน!AQ:AQ,"1",เรื่องร้องเรียน!CL:CL,"") -> 0 | P41: =COUNTIFS(เรื่องร้องเรียน!E:E,"2",เรื่องร้องเรียน!N:N,"จตุจักร",เรื่องร้องเรียน!AN:AN,"ลาดพร้าว",เรื่องร้องเรียน!AQ:AQ,"1",เรื่องร้องเรียน!CL:CL,"") -> 0 | Q41: =COUNTIFS(เรื่องร้องเรียน!E:E,"3",เรื่องร้องเรียน!N:N,"จตุจักร",เรื่องร้องเรียน!AN:AN,"ลาดพร้าว",เรื่องร้องเรียน!AQ:AQ,"1",เรื่องร้องเรียน!CL:CL,"") -> 0 | R41: =COUNTIFS(เรื่องร้องเรียน!E:E,"4",เรื่องร้องเรียน!N:N,"จตุจักร",เรื่องร้องเรียน!AN:AN,"ลาดพร้าว",เรื่องร้องเรียน!AQ:AQ,"1",เรื่องร้องเรียน!CL:CL,"") -> 0 | T41: =SUM(O41:S41) -> 0 | U41: =M41-N41-T41 -> 0 | W41: =SUM(M41-N41) -> 0
A42: จอมทอง | B42: รวม | C42: =SUM(C43:C47) -> 0 | D42: =SUM(D43:D47) -> 0 | E42: =SUM(E43:E47) -> 0 | F42: =SUM(F43:F47) -> 0 | G42: =SUM(G43:G47) -> 0 | H42: =SUM(H43:H47) -> 0 | I42: =SUM(I43:I47) -> 0 | J42: =SUM(J43:J47) -> 0 | ... T42: =SUM(T43:T47) -> 0 | U42: =M42-N42-T42 -> 0 | W42: =SUM(M42-N42) -> 0
B43: สปพ. | K43: =COUNTIFS(เรื่องร้องเรียน!E:E,"5",เรื่องร้องเรียน!N:N,"จอมทอง") -> 0 | L43: =COUNTIFS(เรื่องร้องเรียน!E:E,"5",เรื่องร้องเรียน!N:N,"จอมทอง",เรื่องร้องเรียน!CL:CL,"1") -> 0 | M43: =SUM(C43,E43,G43,I43,K43) -> 0 | N43: =SUM(D43,F43,H43,J43,L43) -> 0 | S43: =COUNTIFS(เรื่องร้องเรียน!E:E,"5",เรื่องร้องเรียน!N:N,"จอมทอง",เรื่องร้องเรียน!AQ:AQ,"1",เรื่องร้องเรียน!CL:CL,"") -> 0 | T43: =SUM(O43:S43) -> 0 | U43: =M43-N43-T43 -> 0 | W43: =SUM(M43-N43) -> 0
B44: บางขุนเทียน | C44: =COUNTIFS(เรื่องร้องเรียน!E:E,"1",เรื่องร้องเรียน!N:N,"จอมทอง",เรื่องร้องเรียน!AN:AN,"บางขุนเทียน") -> 0 | D44: =COUNTIFS(เรื่องร้องเรียน!E:E,"1",เรื่องร้องเรียน!N:N,"จอมทอง",เรื่องร้องเรียน!AN:AN,"บางขุนเทียน",เรื่องร้องเรียน!CL:CL,"1") -> 0 | E44: =COUNTIFS(เรื่องร้องเรียน!E:E,"2",เรื่องร้องเรียน!N:N,"จอมทอง",เรื่องร้องเรียน!AN:AN,"บางขุนเทียน") -> 0 | F44: =COUNTIFS(เรื่องร้องเรียน!E:E,"2",เรื่องร้องเรียน!N:N,"จอมทอง",เรื่องร้องเรียน!AN:AN,"บางขุนเทียน",เรื่องร้องเรียน!CL:CL,"1") -> 0 | G44: =COUNTIFS(เรื่องร้องเรียน!E:E,"3",เรื่องร้องเรียน!N:N,"จอมทอง",เรื่องร้องเรียน!AN:AN,"บางขุนเทียน") -> 0 | H44: =COUNTIFS(เรื่องร้องเรียน!E:E,"3",เรื่องร้องเรียน!N:N,"จอมทอง",เรื่องร้องเรียน!AN:AN,"บางขุนเทียน",เรื่องร้องเรียน!CL:CL,"1") -> 0 | I44: =COUNTIFS(เรื่องร้องเรียน!E:E,"4",เรื่องร้องเรียน!N:N,"จอมทอง",เรื่องร้องเรียน!AN:AN,"บางขุนเทียน") -> 0 | J44: =COUNTIFS(เรื่องร้องเรียน!E:E,"4",เรื่องร้องเรียน!N:N,"จอมทอง",เรื่องร้องเรียน!AN:AN,"บางขุนเทียน",เรื่องร้องเรียน!CL:CL,"1") -> 0 | M44: =SUM(C44,E44,G44,I44,K44) -> 0 | N44: =SUM(D44,F44,H44,J44,L44) -> 0 | O44: =COUNTIFS(เรื่องร้องเรียน!E:E,"1",เรื่องร้องเรียน!N:N,"จอมทอง",เรื่องร้องเรียน!AN:AN,"บางขุนเทียน",เรื่องร้องเรียน!AQ:AQ,"1",เรื่องร้องเรียน!CL:CL,"") -> 0 | P44: =COUNTIFS(เรื่องร้องเรียน!E:E,"2",เรื่องร้องเรียน!N:N,"จอมทอง",เรื่องร้องเรียน!AN:AN,"บางขุนเทียน",เรื่องร้องเรียน!AQ:AQ,"1",เรื่องร้องเรียน!CL:CL,"") -> 0 | Q44: =COUNTIFS(เรื่องร้องเรียน!E:E,"3",เรื่องร้องเรียน!N:N,"จอมทอง",เรื่องร้องเรียน!AN:AN,"บางขุนเทียน",เรื่องร้องเรียน!AQ:AQ,"1",เรื่องร้องเรียน!CL:CL,"") -> 0 | R44: =COUNTIFS(เรื่องร้องเรียน!E:E,"4",เรื่องร้องเรียน!N:N,"จอมทอง",เรื่องร้องเรียน!AN:AN,"บางขุนเทียน",เรื่องร้องเรียน!AQ:AQ,"1",เรื่องร้องเรียน!CL:CL,"") -> 0 | T44: =SUM(O44:S44) -> 0 | U44: =M44-N44-T44 -> 0 | V44: บุคคโล | W44: =SUM(M44-N44) -> 0
B45: บางมด | C45: =COUNTIFS(เรื่องร้องเรียน!E:E,"1",เรื่องร้องเรียน!N:N,"จอมทอง",เรื่องร้องเรียน!AN:AN,"บางมด") -> 0 | D45: =COUNTIFS(เรื่องร้องเรียน!E:E,"1",เรื่องร้องเรียน!N:N,"จอมทอง",เรื่องร้องเรียน!AN:AN,"บางมด",เรื่องร้องเรียน!CL:CL,"1") -> 0 | E45: =COUNTIFS(เรื่องร้องเรียน!E:E,"2",เรื่องร้องเรียน!N:N,"จอมทอง",เรื่องร้องเรียน!AN:AN,"บางมด") -> 0 | F45: =COUNTIFS(เรื่องร้องเรียน!E:E,"2",เรื่องร้องเรียน!N:N,"จอมทอง",เรื่องร้องเรียน!AN:AN,"บางมด",เรื่องร้องเรียน!CL:CL,"1") -> 0 | G45: =COUNTIFS(เรื่องร้องเรียน!E:E,"3",เรื่องร้องเรียน!N:N,"จอมทอง",เรื่องร้องเรียน!AN:AN,"บางมด") -> 0 | H45: =COUNTIFS(เรื่องร้องเรียน!E:E,"3",เรื่องร้องเรียน!N:N,"จอมทอง",เรื่องร้องเรียน!AN:AN,"บางมด",เรื่องร้องเรียน!CL:CL,"1") -> 0 | I45: =COUNTIFS(เรื่องร้องเรียน!E:E,"4",เรื่องร้องเรียน!N:N,"จอมทอง",เรื่องร้องเรียน!AN:AN,"บางมด") -> 0 | J45: =COUNTIFS(เรื่องร้องเรียน!E:E,"4",เรื่องร้องเรียน!N:N,"จอมทอง",เรื่องร้องเรียน!AN:AN,"บางมด",เรื่องร้องเรียน!CL:CL,"1") -> 0 | M45: =SUM(C45,E45,G45,I45,K45) -> 0 | N45: =SUM(D45,F45,H45,J45,L45) -> 0 | O45: =COUNTIFS(เรื่องร้องเรียน!E:E,"1",เรื่องร้องเรียน!N:N,"จอมทอง",เรื่องร้องเรียน!AN:AN,"บางมด",เรื่องร้องเรียน!AQ:AQ,"1",เรื่องร้องเรียน!CL:CL,"") -> 0 | P45: =COUNTIFS(เรื่องร้องเรียน!E:E,"2",เรื่องร้องเรียน!N:N,"จอมทอง",เรื่องร้องเรียน!AN:AN,"บางมด",เรื่องร้องเรียน!AQ:AQ,"1",เรื่องร้องเรียน!CL:CL,"") -> 0 | Q45: =COUNTIFS(เรื่องร้องเรียน!E:E,"3",เรื่องร้องเรียน!N:N,"จอมทอง",เรื่องร้องเรียน!AN:AN,"บางมด",เรื่องร้องเรียน!AQ:AQ,"1",เรื่องร้องเรียน!CL:CL,"") -> 0 | R45: =COUNTIFS(เรื่องร้องเรียน!E:E,"4",เรื่องร้องเรียน!N:N,"จอมทอง",เรื่องร้องเรียน!AN:AN,"บางมด",เรื่องร้องเรียน!AQ:AQ,"1",เรื่องร้องเรียน!CL:CL,"") -> 0 | T45: =SUM(O45:S45) -> 0 | U45: =M45-N45-T45 -> 0 | W45: =SUM(M45-N45) -> 0
B46: ท่าข้าม | C46: =COUNTIFS(เรื่องร้องเรียน!E:E,"1",เรื่องร้องเรียน!N:N,"จอมทอง",เรื่องร้องเรียน!AN:AN,"ท่าข้าม") -> 0 | D46: =COUNTIFS(เรื่องร้องเรียน!E:E,"1",เรื่องร้องเรียน!N:N,"จอมทอง",เรื่องร้องเรียน!AN:AN,"ท่าข้าม",เรื่องร้องเรียน!CL:CL,"1") -> 0 | E46: =COUNTIFS(เรื่องร้องเรียน!E:E,"2",เรื่องร้องเรียน!N:N,"จอมทอง",เรื่องร้องเรียน!AN:AN,"ท่าข้าม") -> 0 | F46: =COUNTIFS(เรื่องร้องเรียน!E:E,"2",เรื่องร้องเรียน!N:N,"จอมทอง",เรื่องร้องเรียน!AN:AN,"ท่าข้าม",เรื่องร้องเรียน!CL:CL,"1") -> 0 | G46: =COUNTIFS(เรื่องร้องเรียน!E:E,"3",เรื่องร้องเรียน!N:N,"จอมทอง",เรื่องร้องเรียน!AN:AN,"ท่าข้าม") -> 0 | H46: =COUNTIFS(เรื่องร้องเรียน!E:E,"3",เรื่องร้องเรียน!N:N,"จอมทอง",เรื่องร้องเรียน!AN:AN,"ท่าข้าม",เรื่องร้องเรียน!CL:CL,"1") -> 0 | I46: =COUNTIFS(เรื่องร้องเรียน!E:E,"4",เรื่องร้องเรียน!N:N,"จอมทอง",เรื่องร้องเรียน!AN:AN,"ท่าข้าม") -> 0 | J46: =COUNTIFS(เรื่องร้องเรียน!E:E,"4",เรื่องร้องเรียน!N:N,"จอมทอง",เรื่องร้องเรียน!AN:AN,"ท่าข้าม",เรื่องร้องเรียน!CL:CL,"1") -> 0 | M46: =SUM(C46,E46,G46,I46,K46) -> 0 | N46: =SUM(D46,F46,H46,J46,L46) -> 0 | O46: =COUNTIFS(เรื่องร้องเรียน!E:E,"1",เรื่องร้องเรียน!N:N,"จอมทอง",เรื่องร้องเรียน!AN:AN,"ท่าข้าม",เรื่องร้องเรียน!AQ:AQ,"1",เรื่องร้องเรียน!CL:CL,"") -> 0 | P46: =COUNTIFS(เรื่องร้องเรียน!E:E,"2",เรื่องร้องเรียน!N:N,"จอมทอง",เรื่องร้องเรียน!AN:AN,"ท่าข้าม",เรื่องร้องเรียน!AQ:AQ,"1",เรื่องร้องเรียน!CL:CL,"") -> 0 | Q46: =COUNTIFS(เรื่องร้องเรียน!E:E,"3",เรื่องร้องเรียน!N:N,"จอมทอง",เรื่องร้องเรียน!AN:AN,"ท่าข้าม",เรื่องร้องเรียน!AQ:AQ,"1",เรื่องร้องเรียน!CL:CL,"") -> 0 | R46: =COUNTIFS(เรื่องร้องเรียน!E:E,"4",เรื่องร้องเรียน!N:N,"จอมทอง",เรื่องร้องเรียน!AN:AN,"ท่าข้าม",เรื่องร้องเรียน!AQ:AQ,"1",เรื่องร้องเรียน!CL:CL,"") -> 0 | T46: =SUM(O46:S46) -> 0 | U46: =M46-N46-T46 -> 0 | W46: =SUM(M46-N46) -> 0
B47: บุคคโล | C47: =COUNTIFS(เรื่องร้องเรียน!E:E,"1",เรื่องร้องเรียน!N:N,"จอมทอง",เรื่องร้องเรียน!AN:AN,"บุคคโล") -> 0 | D47: =COUNTIFS(เรื่องร้องเรียน!E:E,"1",เรื่องร้องเรียน!N:N,"จอมทอง",เรื่องร้องเรียน!AN:AN,"บุคคโล",เรื่องร้องเรียน!CL:CL,"1") -> 0 | E47: =COUNTIFS(เรื่องร้องเรียน!E:E,"2",เรื่องร้องเรียน!N:N,"จอมทอง",เรื่องร้องเรียน!AN:AN,"บุคคโล") -> 0 | F47: =COUNTIFS(เรื่องร้องเรียน!E:E,"2",เรื่องร้องเรียน!N:N,"จอมทอง",เรื่องร้องเรียน!AN:AN,"บุคคโล",เรื่องร้องเรียน!CL:CL,"1") -> 0 | G47: =COUNTIFS(เรื่องร้องเรียน!E:E,"3",เรื่องร้องเรียน!N:N,"จอมทอง",เรื่องร้องเรียน!AN:AN,"บุคคโล") -> 0 | H47: =COUNTIFS(เรื่องร้องเรียน!E:E,"3",เรื่องร้องเรียน!N:N,"จอมทอง",เรื่องร้องเรียน!AN:AN,"บุคคโล",เรื่องร้องเรียน!CL:CL,"1") -> 0 | I47: =COUNTIFS(เรื่องร้องเรียน!E:E,"4",เรื่องร้องเรียน!N:N,"จอมทอง",เรื่องร้องเรียน!AN:AN,"บุคคโล") -> 0 | J47: =COUNTIFS(เรื่องร้องเรียน!E:E,"4",เรื่องร้องเรียน!N:N,"จอมทอง",เรื่องร้องเรียน!AN:AN,"บุคคโล",เรื่องร้องเรียน!CL:CL,"1") -> 0 | M47: =SUM(C47,E47,G47,I47,K47) -> 0 | N47: =SUM(D47,F47,H47,J47,L47) -> 0 | O47: =COUNTIFS(เรื่องร้องเรียน!E:E,"1",เรื่องร้องเรียน!N:N,"จอมทอง",เรื่องร้องเรียน!AN:AN,"บุคคโล",เรื่องร้องเรียน!AQ:AQ,"1",เรื่องร้องเรียน!CL:CL,"") -> 0 | P47: =COUNTIFS(เรื่องร้องเรียน!E:E,"2",เรื่องร้องเรียน!N:N,"จอมทอง",เรื่องร้องเรียน!AN:AN,"บุคคโล",เรื่องร้องเรียน!AQ:AQ,"1",เรื่องร้องเรียน!CL:CL,"") -> 0 | Q47: =COUNTIFS(เรื่องร้องเรียน!E:E,"3",เรื่องร้องเรียน!N:N,"จอมทอง",เรื่องร้องเรียน!AN:AN,"บุคคโล",เรื่องร้องเรียน!AQ:AQ,"1",เรื่องร้องเรียน!CL:CL,"") -> 0 | R47: =COUNTIFS(เรื่องร้องเรียน!E:E,"4",เรื่องร้องเรียน!N:N,"จอมทอง",เรื่องร้องเรียน!AN:AN,"บุคคโล",เรื่องร้องเรียน!AQ:AQ,"1",เรื่องร้องเรียน!CL:CL,"") -> 0 | T47: =SUM(O47:S47) -> 0 | U47: =M47-N47-T47 -> 0 | W47: =SUM(M47-N47) -> 0
A48: ดอนเมือง | B48: รวม | C48: =SUM(C49:C50) -> 0 | D48: =SUM(D49:D50) -> 0 | E48: =SUM(E49:E50) -> 0 | F48: =SUM(F49:F50) -> 0 | G48: =SUM(G49:G50) -> 0 | H48: =SUM(H49:H50) -> 0 | I48: =SUM(I49:I50) -> 0 | J48: =SUM(J49:J50) -> 0 | ... T48: =SUM(T49:T50) -> 0 | U48: =M48-N48-T48 -> 0 | W48: =SUM(M48-N48) -> 0
B49: สปพ. | K49: =COUNTIFS(เรื่องร้องเรียน!E:E,"5",เรื่องร้องเรียน!N:N,"ดอนเมือง") -> 0 | L49: =COUNTIFS(เรื่องร้องเรียน!E:E,"5",เรื่องร้องเรียน!N:N,"ดอนเมือง",เรื่องร้องเรียน!CL:CL,"1") -> 0 | M49: =SUM(C49,E49,G49,I49,K49) -> 0 | N49: =SUM(D49,F49,H49,J49,L49) -> 0 | S49: =COUNTIFS(เรื่องร้องเรียน!E:E,"5",เรื่องร้องเรียน!N:N,"ดอนเมือง",เรื่องร้องเรียน!AQ:AQ,"1",เรื่องร้องเรียน!CL:CL,"") -> 0 | T49: =SUM(O49:S49) -> 0 | U49: =M49-N49-T49 -> 0 | W49: =SUM(M49-N49) -> 0
B50: ดอนเมือง | C50: =COUNTIFS(เรื่องร้องเรียน!E:E,"1",เรื่องร้องเรียน!N:N,"ดอนเมือง",เรื่องร้องเรียน!AN:AN,"ดอนเมือง") -> 0 | D50: =COUNTIFS(เรื่องร้องเรียน!E:E,"1",เรื่องร้องเรียน!N:N,"ดอนเมือง",เรื่องร้องเรียน!AN:AN,"ดอนเมือง",เรื่องร้องเรียน!CL:CL,"1") -> 0 | E50: =COUNTIFS(เรื่องร้องเรียน!E:E,"2",เรื่องร้องเรียน!N:N,"ดอนเมือง",เรื่องร้องเรียน!AN:AN,"ดอนเมือง") -> 0 | F50: =COUNTIFS(เรื่องร้องเรียน!E:E,"2",เรื่องร้องเรียน!N:N,"ดอนเมือง",เรื่องร้องเรียน!AN:AN,"ดอนเมือง",เรื่องร้องเรียน!CL:CL,"1") -> 0 | G50: =COUNTIFS(เรื่องร้องเรียน!E:E,"3",เรื่องร้องเรียน!N:N,"ดอนเมือง",เรื่องร้องเรียน!AN:AN,"ดอนเมือง") -> 0 | H50: =COUNTIFS(เรื่องร้องเรียน!E:E,"3",เรื่องร้องเรียน!N:N,"ดอนเมือง",เรื่องร้องเรียน!AN:AN,"ดอนเมือง",เรื่องร้องเรียน!CL:CL,"1") -> 0 | I50: =COUNTIFS(เรื่องร้องเรียน!E:E,"4",เรื่องร้องเรียน!N:N,"ดอนเมือง",เรื่องร้องเรียน!AN:AN,"ดอนเมือง") -> 0 | J50: =COUNTIFS(เรื่องร้องเรียน!E:E,"4",เรื่องร้องเรียน!N:N,"ดอนเมือง",เรื่องร้องเรียน!AN:AN,"ดอนเมือง",เรื่องร้องเรียน!CL:CL,"1") -> 0 | M50: =SUM(C50,E50,G50,I50,K50) -> 0 | N50: =SUM(D50,F50,H50,J50,L50) -> 0 | O50: =COUNTIFS(เรื่องร้องเรียน!E:E,"1",เรื่องร้องเรียน!N:N,"ดอนเมือง",เรื่องร้องเรียน!AN:AN,"ดอนเมือง",เรื่องร้องเรียน!AQ:AQ,"1",เรื่องร้องเรียน!CL:CL,"") -> 0 | P50: =COUNTIFS(เรื่องร้องเรียน!E:E,"2",เรื่องร้องเรียน!N:N,"ดอนเมือง",เรื่องร้องเรียน!AN:AN,"ดอนเมือง",เรื่องร้องเรียน!AQ:AQ,"1",เรื่องร้องเรียน!CL:CL,"") -> 0 | Q50: =COUNTIFS(เรื่องร้องเรียน!E:E,"3",เรื่องร้องเรียน!N:N,"ดอนเมือง",เรื่องร้องเรียน!AN:AN,"ดอนเมือง",เรื่องร้องเรียน!AQ:AQ,"1",เรื่องร้องเรียน!CL:CL,"") -> 0 | R50: =COUNTIFS(เรื่องร้องเรียน!E:E,"4",เรื่องร้องเรียน!N:N,"ดอนเมือง",เรื่องร้องเรียน!AN:AN,"ดอนเมือง",เรื่องร้องเรียน!AQ:AQ,"1",เรื่องร้องเรียน!CL:CL,"") -> 0 | T50: =SUM(O50:S50) -> 0 | U50: =M50-N50-T50 -> 0 | W50: =SUM(M50-N50) -> 0
A51: ดินแดง | B51: รวม | C51: =SUM(C52:C55 ) -> 0 | D51: =SUM(D52:D55 ) -> 0 | E51: =SUM(E52:E55 ) -> 0 | F51: =SUM(F52:F55 ) -> 0 | G51: =SUM(G52:G55 ) -> 0 | H51: =SUM(H52:H55 ) -> 0 | I51: =SUM(I52:I55 ) -> 0 | J51: =SUM(J52:J55 ) -> 0 | ... T51: =SUM(T52:T55 ) -> 0 | U51: =M51-N51-T51 -> 0 | W51: =SUM(M51-N51) -> 0
B52: สปพ. | K52: =COUNTIFS(เรื่องร้องเรียน!E:E,"5",เรื่องร้องเรียน!N:N,"ดินแดง") -> 0 | L52: =COUNTIFS(เรื่องร้องเรียน!E:E,"5",เรื่องร้องเรียน!N:N,"ดินแดง",เรื่องร้องเรียน!CL:CL,"1") -> 0 | M52: =SUM(C52,E52,G52,I52,K52) -> 0 | N52: =SUM(D52,F52,H52,J52,L52) -> 0 | S52: =COUNTIFS(เรื่องร้องเรียน!E:E,"5",เรื่องร้องเรียน!N:N,"ดินแดง",เรื่องร้องเรียน!AQ:AQ,"1",เรื่องร้องเรียน!CL:CL,"") -> 0 | T52: =SUM(O52:S52) -> 0 | U52: =M52-N52-T52 -> 0 | W52: =SUM(M52-N52) -> 0
B53: ดินแดง | C53: =COUNTIFS(เรื่องร้องเรียน!E:E,"1",เรื่องร้องเรียน!N:N,"ดินแดง",เรื่องร้องเรียน!AN:AN,"ดินแดง") -> 0 | D53: =COUNTIFS(เรื่องร้องเรียน!E:E,"1",เรื่องร้องเรียน!N:N,"ดินแดง",เรื่องร้องเรียน!AN:AN,"ดินแดง",เรื่องร้องเรียน!CL:CL,"1") -> 0 | E53: =COUNTIFS(เรื่องร้องเรียน!E:E,"2",เรื่องร้องเรียน!N:N,"ดินแดง",เรื่องร้องเรียน!AN:AN,"ดินแดง") -> 0 | F53: =COUNTIFS(เรื่องร้องเรียน!E:E,"2",เรื่องร้องเรียน!N:N,"ดินแดง",เรื่องร้องเรียน!AN:AN,"ดินแดง",เรื่องร้องเรียน!CL:CL,"1") -> 0 | G53: =COUNTIFS(เรื่องร้องเรียน!E:E,"3",เรื่องร้องเรียน!N:N,"ดินแดง",เรื่องร้องเรียน!AN:AN,"ดินแดง") -> 0 | H53: =COUNTIFS(เรื่องร้องเรียน!E:E,"3",เรื่องร้องเรียน!N:N,"ดินแดง",เรื่องร้องเรียน!AN:AN,"ดินแดง",เรื่องร้องเรียน!CL:CL,"1") -> 0 | I53: =COUNTIFS(เรื่องร้องเรียน!E:E,"4",เรื่องร้องเรียน!N:N,"ดินแดง",เรื่องร้องเรียน!AN:AN,"ดินแดง") -> 0 | J53: =COUNTIFS(เรื่องร้องเรียน!E:E,"4",เรื่องร้องเรียน!N:N,"ดินแดง",เรื่องร้องเรียน!AN:AN,"ดินแดง",เรื่องร้องเรียน!CL:CL,"1") -> 0 | M53: =SUM(C53,E53,G53,I53,K53) -> 0 | N53: =SUM(D53,F53,H53,J53,L53) -> 0 | O53: =COUNTIFS(เรื่องร้องเรียน!E:E,"1",เรื่องร้องเรียน!N:N,"ดินแดง",เรื่องร้องเรียน!AN:AN,"ดินแดง",เรื่องร้องเรียน!AQ:AQ,"1",เรื่องร้องเรียน!CL:CL,"") -> 0 | P53: =COUNTIFS(เรื่องร้องเรียน!E:E,"2",เรื่องร้องเรียน!N:N,"ดินแดง",เรื่องร้องเรียน!AN:AN,"ดินแดง",เรื่องร้องเรียน!AQ:AQ,"1",เรื่องร้องเรียน!CL:CL,"") -> 0 | Q53: =COUNTIFS(เรื่องร้องเรียน!E:E,"3",เรื่องร้องเรียน!N:N,"ดินแดง",เรื่องร้องเรียน!AN:AN,"ดินแดง",เรื่องร้องเรียน!AQ:AQ,"1",เรื่องร้องเรียน!CL:CL,"") -> 0 | R53: =COUNTIFS(เรื่องร้องเรียน!E:E,"4",เรื่องร้องเรียน!N:N,"ดินแดง",เรื่องร้องเรียน!AN:AN,"ดินแดง",เรื่องร้องเรียน!AQ:AQ,"1",เรื่องร้องเรียน!CL:CL,"") -> 0 | T53: =SUM(O53:S53) -> 0 | U53: =M53-N53-T53 -> 0 | W53: =SUM(M53-N53) -> 0
B54: สุทธิสาร | C54: =COUNTIFS(เรื่องร้องเรียน!E:E,"1",เรื่องร้องเรียน!N:N,"ดินแดง",เรื่องร้องเรียน!AN:AN,"สุทธิสาร") -> 0 | D54: =COUNTIFS(เรื่องร้องเรียน!E:E,"1",เรื่องร้องเรียน!N:N,"ดินแดง",เรื่องร้องเรียน!AN:AN,"สุทธิสาร",เรื่องร้องเรียน!CL:CL,"1") -> 0 | E54: =COUNTIFS(เรื่องร้องเรียน!E:E,"2",เรื่องร้องเรียน!N:N,"ดินแดง",เรื่องร้องเรียน!AN:AN,"สุทธิสาร") -> 0 | F54: =COUNTIFS(เรื่องร้องเรียน!E:E,"2",เรื่องร้องเรียน!N:N,"ดินแดง",เรื่องร้องเรียน!AN:AN,"สุทธิสาร",เรื่องร้องเรียน!CL:CL,"1") -> 0 | G54: =COUNTIFS(เรื่องร้องเรียน!E:E,"3",เรื่องร้องเรียน!N:N,"ดินแดง",เรื่องร้องเรียน!AN:AN,"สุทธิสาร") -> 0 | H54: =COUNTIFS(เรื่องร้องเรียน!E:E,"3",เรื่องร้องเรียน!N:N,"ดินแดง",เรื่องร้องเรียน!AN:AN,"สุทธิสาร",เรื่องร้องเรียน!CL:CL,"1") -> 0 | I54: =COUNTIFS(เรื่องร้องเรียน!E:E,"4",เรื่องร้องเรียน!N:N,"ดินแดง",เรื่องร้องเรียน!AN:AN,"สุทธิสาร") -> 0 | J54: =COUNTIFS(เรื่องร้องเรียน!E:E,"4",เรื่องร้องเรียน!N:N,"ดินแดง",เรื่องร้องเรียน!AN:AN,"สุทธิสาร",เรื่องร้องเรียน!CL:CL,"1") -> 0 | M54: =SUM(C54,E54,G54,I54,K54) -> 0 | N54: =SUM(D54,F54,H54,J54,L54) -> 0 | O54: =COUNTIFS(เรื่องร้องเรียน!E:E,"1",เรื่องร้องเรียน!N:N,"ดินแดง",เรื่องร้องเรียน!AN:AN,"สุทธิสาร",เรื่องร้องเรียน!AQ:AQ,"1",เรื่องร้องเรียน!CL:CL,"") -> 0 | P54: =COUNTIFS(เรื่องร้องเรียน!E:E,"2",เรื่องร้องเรียน!N:N,"ดินแดง",เรื่องร้องเรียน!AN:AN,"สุทธิสาร",เรื่องร้องเรียน!AQ:AQ,"1",เรื่องร้องเรียน!CL:CL,"") -> 0 | Q54: =COUNTIFS(เรื่องร้องเรียน!E:E,"3",เรื่องร้องเรียน!N:N,"ดินแดง",เรื่องร้องเรียน!AN:AN,"สุทธิสาร",เรื่องร้องเรียน!AQ:AQ,"1",เรื่องร้องเรียน!CL:CL,"") -> 0 | R54: =COUNTIFS(เรื่องร้องเรียน!E:E,"4",เรื่องร้องเรียน!N:N,"ดินแดง",เรื่องร้องเรียน!AN:AN,"สุทธิสาร",เรื่องร้องเรียน!AQ:AQ,"1",เรื่องร้องเรียน!CL:CL,"") -> 0 | T54: =SUM(O54:S54) -> 0 | U54: =M54-N54-T54 -> 0 | W54: =SUM(M54-N54) -> 0
B55: ห้วยขวาง | C55: =COUNTIFS(เรื่องร้องเรียน!E:E,"1",เรื่องร้องเรียน!N:N,"ดินแดง",เรื่องร้องเรียน!AN:AN,"ห้วยขวาง") -> 0 | D55: =COUNTIFS(เรื่องร้องเรียน!E:E,"1",เรื่องร้องเรียน!N:N,"ดินแดง",เรื่องร้องเรียน!AN:AN,"ห้วยขวาง",เรื่องร้องเรียน!CL:CL,"1") -> 0 | E55: =COUNTIFS(เรื่องร้องเรียน!E:E,"2",เรื่องร้องเรียน!N:N,"ดินแดง",เรื่องร้องเรียน!AN:AN,"ห้วยขวาง") -> 0 | F55: =COUNTIFS(เรื่องร้องเรียน!E:E,"2",เรื่องร้องเรียน!N:N,"ดินแดง",เรื่องร้องเรียน!AN:AN,"ห้วยขวาง",เรื่องร้องเรียน!CL:CL,"1") -> 0 | G55: =COUNTIFS(เรื่องร้องเรียน!E:E,"3",เรื่องร้องเรียน!N:N,"ดินแดง",เรื่องร้องเรียน!AN:AN,"ห้วยขวาง") -> 0 | H55: =COUNTIFS(เรื่องร้องเรียน!E:E,"3",เรื่องร้องเรียน!N:N,"ดินแดง",เรื่องร้องเรียน!AN:AN,"ห้วยขวาง",เรื่องร้องเรียน!CL:CL,"1") -> 0 | I55: =COUNTIFS(เรื่องร้องเรียน!E:E,"4",เรื่องร้องเรียน!N:N,"ดินแดง",เรื่องร้องเรียน!AN:AN,"ห้วยขวาง") -> 0 | J55: =COUNTIFS(เรื่องร้องเรียน!E:E,"4",เรื่องร้องเรียน!N:N,"ดินแดง",เรื่องร้องเรียน!AN:AN,"ห้วยขวาง",เรื่องร้องเรียน!CL:CL,"1") -> 0 | M55: =SUM(C55,E55,G55,I55,K55) -> 0 | N55: =SUM(D55,F55,H55,J55,L55) -> 0 | O55: =COUNTIFS(เรื่องร้องเรียน!E:E,"1",เรื่องร้องเรียน!N:N,"ดินแดง",เรื่องร้องเรียน!AN:AN,"ห้วยขวาง",เรื่องร้องเรียน!AQ:AQ,"1",เรื่องร้องเรียน!CL:CL,"") -> 0 | P55: =COUNTIFS(เรื่องร้องเรียน!E:E,"2",เรื่องร้องเรียน!N:N,"ดินแดง",เรื่องร้องเรียน!AN:AN,"ห้วยขวาง",เรื่องร้องเรียน!AQ:AQ,"1",เรื่องร้องเรียน!CL:CL,"") -> 0 | Q55: =COUNTIFS(เรื่องร้องเรียน!E:E,"3",เรื่องร้องเรียน!N:N,"ดินแดง",เรื่องร้องเรียน!AN:AN,"ห้วยขวาง",เรื่องร้องเรียน!AQ:AQ,"1",เรื่องร้องเรียน!CL:CL,"") -> 0 | R55: =COUNTIFS(เรื่องร้องเรียน!E:E,"4",เรื่องร้องเรียน!N:N,"ดินแดง",เรื่องร้องเรียน!AN:AN,"ห้วยขวาง",เรื่องร้องเรียน!AQ:AQ,"1",เรื่องร้องเรียน!CL:CL,"") -> 0 | T55: =SUM(O55:S55) -> 0 | U55: =M55-N55-T55 -> 0 | W55: =SUM(M55-N55) -> 0
A56: ดุสิต | B56: รวม | C56: =SUM(C57:C63) -> 0 | D56: =SUM(D57:D63) -> 0 | E56: =SUM(E57:E63) -> 0 | F56: =SUM(F57:F63) -> 0 | G56: =SUM(G57:G63) -> 0 | H56: =SUM(H57:H63) -> 0 | I56: =SUM(I57:I63) -> 0 | J56: =SUM(J57:J63) -> 0 | ... T56: =SUM(T57:T63) -> 0 | U56: =M56-N56-T56 -> 0 | W56: =SUM(M56-N56) -> 0
B57: สปพ. | K57: =COUNTIFS(เรื่องร้องเรียน!E:E,"5",เรื่องร้องเรียน!N:N,"ดุสิต") -> 0 | L57: =COUNTIFS(เรื่องร้องเรียน!E:E,"5",เรื่องร้องเรียน!N:N,"ดุสิต",เรื่องร้องเรียน!CL:CL,"1") -> 0 | M57: =SUM(C57,E57,G57,I57,K57) -> 0 | N57: =SUM(D57,F57,H57,J57,L57) -> 0 | S57: =COUNTIFS(เรื่องร้องเรียน!E:E,"5",เรื่องร้องเรียน!N:N,"ดุสิต",เรื่องร้องเรียน!AQ:AQ,"1",เรื่องร้องเรียน!CL:CL,"") -> 0 | T57: =SUM(O57:S57) -> 0 | U57: =M57-N57-T57 -> 0 | V57: พญาไท | W57: =SUM(M57-N57) -> 0
B58: ดุสิต | C58: =COUNTIFS(เรื่องร้องเรียน!E:E,"1",เรื่องร้องเรียน!N:N,"ดุสิต",เรื่องร้องเรียน!AN:AN,"ดุสิต") -> 0 | D58: =COUNTIFS(เรื่องร้องเรียน!E:E,"1",เรื่องร้องเรียน!N:N,"ดุสิต",เรื่องร้องเรียน!AN:AN,"ดุสิต",เรื่องร้องเรียน!CL:CL,"1") -> 0 | E58: =COUNTIFS(เรื่องร้องเรียน!E:E,"2",เรื่องร้องเรียน!N:N,"ดุสิต",เรื่องร้องเรียน!AN:AN,"ดุสิต") -> 0 | F58: =COUNTIFS(เรื่องร้องเรียน!E:E,"2",เรื่องร้องเรียน!N:N,"ดุสิต",เรื่องร้องเรียน!AN:AN,"ดุสิต",เรื่องร้องเรียน!CL:CL,"1") -> 0 | G58: =COUNTIFS(เรื่องร้องเรียน!E:E,"3",เรื่องร้องเรียน!N:N,"ดุสิต",เรื่องร้องเรียน!AN:AN,"ดุสิต") -> 0 | H58: =COUNTIFS(เรื่องร้องเรียน!E:E,"3",เรื่องร้องเรียน!N:N,"ดุสิต",เรื่องร้องเรียน!AN:AN,"ดุสิต",เรื่องร้องเรียน!CL:CL,"1") -> 0 | I58: =COUNTIFS(เรื่องร้องเรียน!E:E,"4",เรื่องร้องเรียน!N:N,"ดุสิต",เรื่องร้องเรียน!AN:AN,"ดุสิต") -> 0 | J58: =COUNTIFS(เรื่องร้องเรียน!E:E,"4",เรื่องร้องเรียน!N:N,"ดุสิต",เรื่องร้องเรียน!AN:AN,"ดุสิต",เรื่องร้องเรียน!CL:CL,"1") -> 0 | M58: =SUM(C58,E58,G58,I58,K58) -> 0 | N58: =SUM(D58,F58,H58,J58,L58) -> 0 | O58: =COUNTIFS(เรื่องร้องเรียน!E:E,"1",เรื่องร้องเรียน!N:N,"ดุสิต",เรื่องร้องเรียน!AN:AN,"ดุสิต",เรื่องร้องเรียน!AQ:AQ,"1",เรื่องร้องเรียน!CL:CL,"") -> 0 | P58: =COUNTIFS(เรื่องร้องเรียน!E:E,"2",เรื่องร้องเรียน!N:N,"ดุสิต",เรื่องร้องเรียน!AN:AN,"ดุสิต",เรื่องร้องเรียน!AQ:AQ,"1",เรื่องร้องเรียน!CL:CL,"") -> 0 | Q58: =COUNTIFS(เรื่องร้องเรียน!E:E,"3",เรื่องร้องเรียน!N:N,"ดุสิต",เรื่องร้องเรียน!AN:AN,"ดุสิต",เรื่องร้องเรียน!AQ:AQ,"1",เรื่องร้องเรียน!CL:CL,"") -> 0 | R58: =COUNTIFS(เรื่องร้องเรียน!E:E,"4",เรื่องร้องเรียน!N:N,"ดุสิต",เรื่องร้องเรียน!AN:AN,"ดุสิต",เรื่องร้องเรียน!AQ:AQ,"1",เรื่องร้องเรียน!CL:CL,"") -> 0 | T58: =SUM(O58:S58) -> 0 | U58: =M58-N58-T58 -> 0 | W58: =SUM(M58-N58) -> 0
B59: เตาปูน | C59: =COUNTIFS(เรื่องร้องเรียน!E:E,"1",เรื่องร้องเรียน!N:N,"ดุสิต",เรื่องร้องเรียน!AN:AN,"เตาปูน") -> 0 | D59: =COUNTIFS(เรื่องร้องเรียน!E:E,"1",เรื่องร้องเรียน!N:N,"ดุสิต",เรื่องร้องเรียน!AN:AN,"เตาปูน",เรื่องร้องเรียน!CL:CL,"1") -> 0 | E59: =COUNTIFS(เรื่องร้องเรียน!E:E,"2",เรื่องร้องเรียน!N:N,"ดุสิต",เรื่องร้องเรียน!AN:AN,"เตาปูน") -> 0 | F59: =COUNTIFS(เรื่องร้องเรียน!E:E,"2",เรื่องร้องเรียน!N:N,"ดุสิต",เรื่องร้องเรียน!AN:AN,"เตาปูน",เรื่องร้องเรียน!CL:CL,"1") -> 0 | G59: =COUNTIFS(เรื่องร้องเรียน!E:E,"3",เรื่องร้องเรียน!N:N,"ดุสิต",เรื่องร้องเรียน!AN:AN,"เตาปูน") -> 0 | H59: =COUNTIFS(เรื่องร้องเรียน!E:E,"3",เรื่องร้องเรียน!N:N,"ดุสิต",เรื่องร้องเรียน!AN:AN,"เตาปูน",เรื่องร้องเรียน!CL:CL,"1") -> 0 | I59: =COUNTIFS(เรื่องร้องเรียน!E:E,"4",เรื่องร้องเรียน!N:N,"ดุสิต",เรื่องร้องเรียน!AN:AN,"เตาปูน") -> 0 | J59: =COUNTIFS(เรื่องร้องเรียน!E:E,"4",เรื่องร้องเรียน!N:N,"ดุสิต",เรื่องร้องเรียน!AN:AN,"เตาปูน",เรื่องร้องเรียน!CL:CL,"1") -> 0 | M59: =SUM(C59,E59,G59,I59,K59) -> 0 | N59: =SUM(D59,F59,H59,J59,L59) -> 0 | O59: =COUNTIFS(เรื่องร้องเรียน!E:E,"1",เรื่องร้องเรียน!N:N,"ดุสิต",เรื่องร้องเรียน!AN:AN,"เตาปูน",เรื่องร้องเรียน!AQ:AQ,"1",เรื่องร้องเรียน!CL:CL,"") -> 0 | P59: =COUNTIFS(เรื่องร้องเรียน!E:E,"2",เรื่องร้องเรียน!N:N,"ดุสิต",เรื่องร้องเรียน!AN:AN,"เตาปูน",เรื่องร้องเรียน!AQ:AQ,"1",เรื่องร้องเรียน!CL:CL,"") -> 0 | Q59: =COUNTIFS(เรื่องร้องเรียน!E:E,"3",เรื่องร้องเรียน!N:N,"ดุสิต",เรื่องร้องเรียน!AN:AN,"เตาปูน",เรื่องร้องเรียน!AQ:AQ,"1",เรื่องร้องเรียน!CL:CL,"") -> 0 | R59: =COUNTIFS(เรื่องร้องเรียน!E:E,"4",เรื่องร้องเรียน!N:N,"ดุสิต",เรื่องร้องเรียน!AN:AN,"เตาปูน",เรื่องร้องเรียน!AQ:AQ,"1",เรื่องร้องเรียน!CL:CL,"") -> 0 | T59: =SUM(O59:S59) -> 0 | U59: =M59-N59-T59 -> 0 | W59: =SUM(M59-N59) -> 0
B60: นางเลิ้ง | C60: =COUNTIFS(เรื่องร้องเรียน!E:E,"1",เรื่องร้องเรียน!N:N,"ดุสิต",เรื่องร้องเรียน!AN:AN,"นางเลิ้ง") -> 0 | D60: =COUNTIFS(เรื่องร้องเรียน!E:E,"1",เรื่องร้องเรียน!N:N,"ดุสิต",เรื่องร้องเรียน!AN:AN,"นางเลิ้ง",เรื่องร้องเรียน!CL:CL,"1") -> 0 | E60: =COUNTIFS(เรื่องร้องเรียน!E:E,"2",เรื่องร้องเรียน!N:N,"ดุสิต",เรื่องร้องเรียน!AN:AN,"นางเลิ้ง") -> 0 | F60: =COUNTIFS(เรื่องร้องเรียน!E:E,"2",เรื่องร้องเรียน!N:N,"ดุสิต",เรื่องร้องเรียน!AN:AN,"นางเลิ้ง",เรื่องร้องเรียน!CL:CL,"1") -> 0 | G60: =COUNTIFS(เรื่องร้องเรียน!E:E,"3",เรื่องร้องเรียน!N:N,"ดุสิต",เรื่องร้องเรียน!AN:AN,"นางเลิ้ง") -> 0 | H60: =COUNTIFS(เรื่องร้องเรียน!E:E,"3",เรื่องร้องเรียน!N:N,"ดุสิต",เรื่องร้องเรียน!AN:AN,"นางเลิ้ง",เรื่องร้องเรียน!CL:CL,"1") -> 0 | I60: =COUNTIFS(เรื่องร้องเรียน!E:E,"4",เรื่องร้องเรียน!N:N,"ดุสิต",เรื่องร้องเรียน!AN:AN,"นางเลิ้ง") -> 0 | J60: =COUNTIFS(เรื่องร้องเรียน!E:E,"4",เรื่องร้องเรียน!N:N,"ดุสิต",เรื่องร้องเรียน!AN:AN,"นางเลิ้ง",เรื่องร้องเรียน!CL:CL,"1") -> 0 | M60: =SUM(C60,E60,G60,I60,K60) -> 0 | N60: =SUM(D60,F60,H60,J60,L60) -> 0 | O60: =COUNTIFS(เรื่องร้องเรียน!E:E,"1",เรื่องร้องเรียน!N:N,"ดุสิต",เรื่องร้องเรียน!AN:AN,"นางเลิ้ง",เรื่องร้องเรียน!AQ:AQ,"1",เรื่องร้องเรียน!CL:CL,"") -> 0 | P60: =COUNTIFS(เรื่องร้องเรียน!E:E,"2",เรื่องร้องเรียน!N:N,"ดุสิต",เรื่องร้องเรียน!AN:AN,"นางเลิ้ง",เรื่องร้องเรียน!AQ:AQ,"1",เรื่องร้องเรียน!CL:CL,"") -> 0 | Q60: =COUNTIFS(เรื่องร้องเรียน!E:E,"3",เรื่องร้องเรียน!N:N,"ดุสิต",เรื่องร้องเรียน!AN:AN,"นางเลิ้ง",เรื่องร้องเรียน!AQ:AQ,"1",เรื่องร้องเรียน!CL:CL,"") -> 0 | R60: =COUNTIFS(เรื่องร้องเรียน!E:E,"4",เรื่องร้องเรียน!N:N,"ดุสิต",เรื่องร้องเรียน!AN:AN,"นางเลิ้ง",เรื่องร้องเรียน!AQ:AQ,"1",เรื่องร้องเรียน!CL:CL,"") -> 0 | T60: =SUM(O60:S60) -> 0 | U60: =M60-N60-T60 -> 0 | W60: =SUM(M60-N60) -> 0
B61: สามเสน | C61: =COUNTIFS(เรื่องร้องเรียน!E:E,"1",เรื่องร้องเรียน!N:N,"ดุสิต",เรื่องร้องเรียน!AN:AN,"สามเสน") -> 0 | D61: =COUNTIFS(เรื่องร้องเรียน!E:E,"1",เรื่องร้องเรียน!N:N,"ดุสิต",เรื่องร้องเรียน!AN:AN,"สามเสน",เรื่องร้องเรียน!CL:CL,"1") -> 0 | E61: =COUNTIFS(เรื่องร้องเรียน!E:E,"2",เรื่องร้องเรียน!N:N,"ดุสิต",เรื่องร้องเรียน!AN:AN,"สามเสน") -> 0 | F61: =COUNTIFS(เรื่องร้องเรียน!E:E,"2",เรื่องร้องเรียน!N:N,"ดุสิต",เรื่องร้องเรียน!AN:AN,"สามเสน",เรื่องร้องเรียน!CL:CL,"1") -> 0 | G61: =COUNTIFS(เรื่องร้องเรียน!E:E,"3",เรื่องร้องเรียน!N:N,"ดุสิต",เรื่องร้องเรียน!AN:AN,"สามเสน") -> 0 | H61: =COUNTIFS(เรื่องร้องเรียน!E:E,"3",เรื่องร้องเรียน!N:N,"ดุสิต",เรื่องร้องเรียน!AN:AN,"สามเสน",เรื่องร้องเรียน!CL:CL,"1") -> 0 | I61: =COUNTIFS(เรื่องร้องเรียน!E:E,"4",เรื่องร้องเรียน!N:N,"ดุสิต",เรื่องร้องเรียน!AN:AN,"สามเสน") -> 0 | J61: =COUNTIFS(เรื่องร้องเรียน!E:E,"4",เรื่องร้องเรียน!N:N,"ดุสิต",เรื่องร้องเรียน!AN:AN,"สามเสน",เรื่องร้องเรียน!CL:CL,"1") -> 0 | M61: =SUM(C61,E61,G61,I61,K61) -> 0 | N61: =SUM(D61,F61,H61,J61,L61) -> 0 | O61: =COUNTIFS(เรื่องร้องเรียน!E:E,"1",เรื่องร้องเรียน!N:N,"ดุสิต",เรื่องร้องเรียน!AN:AN,"สามเสน",เรื่องร้องเรียน!AQ:AQ,"1",เรื่องร้องเรียน!CL:CL,"") -> 0 | P61: =COUNTIFS(เรื่องร้องเรียน!E:E,"2",เรื่องร้องเรียน!N:N,"ดุสิต",เรื่องร้องเรียน!AN:AN,"สามเสน",เรื่องร้องเรียน!AQ:AQ,"1",เรื่องร้องเรียน!CL:CL,"") -> 0 | Q61: =COUNTIFS(เรื่องร้องเรียน!E:E,"3",เรื่องร้องเรียน!N:N,"ดุสิต",เรื่องร้องเรียน!AN:AN,"สามเสน",เรื่องร้องเรียน!AQ:AQ,"1",เรื่องร้องเรียน!CL:CL,"") -> 0 | R61: =COUNTIFS(เรื่องร้องเรียน!E:E,"4",เรื่องร้องเรียน!N:N,"ดุสิต",เรื่องร้องเรียน!AN:AN,"สามเสน",เรื่องร้องเรียน!AQ:AQ,"1",เรื่องร้องเรียน!CL:CL,"") -> 0 | T61: =SUM(O61:S61) -> 0 | U61: =M61-N61-T61 -> 0 | W61: =SUM(M61-N61) -> 0
B62: พญาไท | C62: =COUNTIFS(เรื่องร้องเรียน!E:E,"1",เรื่องร้องเรียน!N:N,"ดุสิต",เรื่องร้องเรียน!AN:AN,"พญาไท") -> 0 | D62: =COUNTIFS(เรื่องร้องเรียน!E:E,"1",เรื่องร้องเรียน!N:N,"ดุสิต",เรื่องร้องเรียน!AN:AN,"พญาไท",เรื่องร้องเรียน!CL:CL,"1") -> 0 | E62: =COUNTIFS(เรื่องร้องเรียน!E:E,"2",เรื่องร้องเรียน!N:N,"ดุสิต",เรื่องร้องเรียน!AN:AN,"พญาไท") -> 0 | F62: =COUNTIFS(เรื่องร้องเรียน!E:E,"2",เรื่องร้องเรียน!N:N,"ดุสิต",เรื่องร้องเรียน!AN:AN,"พญาไท",เรื่องร้องเรียน!CL:CL,"1") -> 0 | G62: =COUNTIFS(เรื่องร้องเรียน!E:E,"3",เรื่องร้องเรียน!N:N,"ดุสิต",เรื่องร้องเรียน!AN:AN,"พญาไท") -> 0 | H62: =COUNTIFS(เรื่องร้องเรียน!E:E,"3",เรื่องร้องเรียน!N:N,"ดุสิต",เรื่องร้องเรียน!AN:AN,"พญาไท",เรื่องร้องเรียน!CL:CL,"1") -> 0 | I62: =COUNTIFS(เรื่องร้องเรียน!E:E,"4",เรื่องร้องเรียน!N:N,"ดุสิต",เรื่องร้องเรียน!AN:AN,"พญาไท") -> 0 | J62: =COUNTIFS(เรื่องร้องเรียน!E:E,"4",เรื่องร้องเรียน!N:N,"ดุสิต",เรื่องร้องเรียน!AN:AN,"พญาไท",เรื่องร้องเรียน!CL:CL,"1") -> 0 | M62: =SUM(C62,E62,G62,I62,K62) -> 0 | N62: =SUM(D62,F62,H62,J62,L62) -> 0 | O62: =COUNTIFS(เรื่องร้องเรียน!E:E,"1",เรื่องร้องเรียน!N:N,"ดุสิต",เรื่องร้องเรียน!AN:AN,"พญาไท",เรื่องร้องเรียน!AQ:AQ,"1",เรื่องร้องเรียน!CL:CL,"") -> 0 | P62: =COUNTIFS(เรื่องร้องเรียน!E:E,"2",เรื่องร้องเรียน!N:N,"ดุสิต",เรื่องร้องเรียน!AN:AN,"พญาไท",เรื่องร้องเรียน!AQ:AQ,"1",เรื่องร้องเรียน!CL:CL,"") -> 0 | Q62: =COUNTIFS(เรื่องร้องเรียน!E:E,"3",เรื่องร้องเรียน!N:N,"ดุสิต",เรื่องร้องเรียน!AN:AN,"พญาไท",เรื่องร้องเรียน!AQ:AQ,"1",เรื่องร้องเรียน!CL:CL,"") -> 0 | R62: =COUNTIFS(เรื่องร้องเรียน!E:E,"4",เรื่องร้องเรียน!N:N,"ดุสิต",เรื่องร้องเรียน!AN:AN,"พญาไท",เรื่องร้องเรียน!AQ:AQ,"1",เรื่องร้องเรียน!CL:CL,"") -> 0 | T62: =SUM(O62:S62) -> 0 | U62: =M62-N62-T62 -> 0 | W62: =SUM(M62-N62) -> 0
B63: บางโพ | C63: =COUNTIFS(เรื่องร้องเรียน!E:E,"1",เรื่องร้องเรียน!N:N,"ดุสิต",เรื่องร้องเรียน!AN:AN,"บางโพ") -> 0 | D63: =COUNTIFS(เรื่องร้องเรียน!E:E,"1",เรื่องร้องเรียน!N:N,"ดุสิต",เรื่องร้องเรียน!AN:AN,"บางโพ",เรื่องร้องเรียน!CL:CL,"1") -> 0 | E63: =COUNTIFS(เรื่องร้องเรียน!E:E,"2",เรื่องร้องเรียน!N:N,"ดุสิต",เรื่องร้องเรียน!AN:AN,"บางโพ") -> 0 | F63: =COUNTIFS(เรื่องร้องเรียน!E:E,"2",เรื่องร้องเรียน!N:N,"ดุสิต",เรื่องร้องเรียน!AN:AN,"บางโพ",เรื่องร้องเรียน!CL:CL,"1") -> 0 | G63: =COUNTIFS(เรื่องร้องเรียน!E:E,"3",เรื่องร้องเรียน!N:N,"ดุสิต",เรื่องร้องเรียน!AN:AN,"บางโพ") -> 0 | H63: =COUNTIFS(เรื่องร้องเรียน!E:E,"3",เรื่องร้องเรียน!N:N,"ดุสิต",เรื่องร้องเรียน!AN:AN,"บางโพ",เรื่องร้องเรียน!CL:CL,"1") -> 0 | I63: =COUNTIFS(เรื่องร้องเรียน!E:E,"4",เรื่องร้องเรียน!N:N,"ดุสิต",เรื่องร้องเรียน!AN:AN,"บางโพ") -> 0 | J63: =COUNTIFS(เรื่องร้องเรียน!E:E,"4",เรื่องร้องเรียน!N:N,"ดุสิต",เรื่องร้องเรียน!AN:AN,"บางโพ",เรื่องร้องเรียน!CL:CL,"1") -> 0 | M63: =SUM(C63,E63,G63,I63,K63) -> 0 | N63: =SUM(D63,F63,H63,J63,L63) -> 0 | O63: =COUNTIFS(เรื่องร้องเรียน!E:E,"1",เรื่องร้องเรียน!N:N,"ดุสิต",เรื่องร้องเรียน!AN:AN,"บางโพ",เรื่องร้องเรียน!AQ:AQ,"1",เรื่องร้องเรียน!CL:CL,"") -> 0 | P63: =COUNTIFS(เรื่องร้องเรียน!E:E,"2",เรื่องร้องเรียน!N:N,"ดุสิต",เรื่องร้องเรียน!AN:AN,"บางโพ",เรื่องร้องเรียน!AQ:AQ,"1",เรื่องร้องเรียน!CL:CL,"") -> 0 | Q63: =COUNTIFS(เรื่องร้องเรียน!E:E,"3",เรื่องร้องเรียน!N:N,"ดุสิต",เรื่องร้องเรียน!AN:AN,"บางโพ",เรื่องร้องเรียน!AQ:AQ,"1",เรื่องร้องเรียน!CL:CL,"") -> 0 | R63: =COUNTIFS(เรื่องร้องเรียน!E:E,"4",เรื่องร้องเรียน!N:N,"ดุสิต",เรื่องร้องเรียน!AN:AN,"บางโพ",เรื่องร้องเรียน!AQ:AQ,"1",เรื่องร้องเรียน!CL:CL,"") -> 0 | T63: =SUM(O63:S63) -> 0 | U63: =M63-N63-T63 -> 0 | W63: =SUM(M63-N63) -> 0
A64: ตลิ่งชัน | B64: รวม | C64: =SUM(C65:C69 ) -> 0 | D64: =SUM(D65:D69 ) -> 0 | E64: =SUM(E65:E69 ) -> 0 | F64: =SUM(F65:F69 ) -> 0 | G64: =SUM(G65:G69 ) -> 0 | H64: =SUM(H65:H69 ) -> 0 | I64: =SUM(I65:I69 ) -> 0 | J64: =SUM(J65:J69 ) -> 0 | ... T64: =SUM(T65:T69 ) -> 0 | U64: =M64-N64-T64 -> 0 | W64: =SUM(M64-N64) -> 0
B65: สปพ. | K65: =COUNTIFS(เรื่องร้องเรียน!E:E,"5",เรื่องร้องเรียน!N:N,"ตลิ่งชัน") -> 0 | L65: =COUNTIFS(เรื่องร้องเรียน!E:E,"5",เรื่องร้องเรียน!N:N,"ตลิ่งชัน",เรื่องร้องเรียน!CL:CL,"1") -> 0 | M65: =SUM(C65,E65,G65,I65,K65) -> 0 | N65: =SUM(D65,F65,H65,J65,L65) -> 0 | S65: =COUNTIFS(เรื่องร้องเรียน!E:E,"5",เรื่องร้องเรียน!N:N,"ตลิ่งชัน",เรื่องร้องเรียน!AQ:AQ,"1",เรื่องร้องเรียน!CL:CL,"") -> 0 | T65: =SUM(O65:S65) -> 0 | U65: =M65-N65-T65 -> 0 | V65: บางยี่ขัน | W65: =SUM(M65-N65) -> 0
B66: ตลิ่งชัน | C66: =COUNTIFS(เรื่องร้องเรียน!E:E,"1",เรื่องร้องเรียน!N:N,"ตลิ่งชัน",เรื่องร้องเรียน!AN:AN,"ตลิ่งชัน") -> 0 | D66: =COUNTIFS(เรื่องร้องเรียน!E:E,"1",เรื่องร้องเรียน!N:N,"ตลิ่งชัน",เรื่องร้องเรียน!AN:AN,"ตลิ่งชัน",เรื่องร้องเรียน!CL:CL,"1") -> 0 | E66: =COUNTIFS(เรื่องร้องเรียน!E:E,"2",เรื่องร้องเรียน!N:N,"ตลิ่งชัน",เรื่องร้องเรียน!AN:AN,"ตลิ่งชัน") -> 0 | F66: =COUNTIFS(เรื่องร้องเรียน!E:E,"2",เรื่องร้องเรียน!N:N,"ตลิ่งชัน",เรื่องร้องเรียน!AN:AN,"ตลิ่งชัน",เรื่องร้องเรียน!CL:CL,"1") -> 0 | G66: =COUNTIFS(เรื่องร้องเรียน!E:E,"3",เรื่องร้องเรียน!N:N,"ตลิ่งชัน",เรื่องร้องเรียน!AN:AN,"ตลิ่งชัน") -> 0 | H66: =COUNTIFS(เรื่องร้องเรียน!E:E,"3",เรื่องร้องเรียน!N:N,"ตลิ่งชัน",เรื่องร้องเรียน!AN:AN,"ตลิ่งชัน",เรื่องร้องเรียน!CL:CL,"1") -> 0 | I66: =COUNTIFS(เรื่องร้องเรียน!E:E,"4",เรื่องร้องเรียน!N:N,"ตลิ่งชัน",เรื่องร้องเรียน!AN:AN,"ตลิ่งชัน") -> 0 | J66: =COUNTIFS(เรื่องร้องเรียน!E:E,"4",เรื่องร้องเรียน!N:N,"ตลิ่งชัน",เรื่องร้องเรียน!AN:AN,"ตลิ่งชัน",เรื่องร้องเรียน!CL:CL,"1") -> 0 | M66: =SUM(C66,E66,G66,I66,K66) -> 0 | N66: =SUM(D66,F66,H66,J66,L66) -> 0 | O66: =COUNTIFS(เรื่องร้องเรียน!E:E,"1",เรื่องร้องเรียน!N:N,"ตลิ่งชัน",เรื่องร้องเรียน!AN:AN,"ตลิ่งชัน",เรื่องร้องเรียน!AQ:AQ,"1",เรื่องร้องเรียน!CL:CL,"") -> 0 | P66: =COUNTIFS(เรื่องร้องเรียน!E:E,"2",เรื่องร้องเรียน!N:N,"ตลิ่งชัน",เรื่องร้องเรียน!AN:AN,"ตลิ่งชัน",เรื่องร้องเรียน!AQ:AQ,"1",เรื่องร้องเรียน!CL:CL,"") -> 0 | Q66: =COUNTIFS(เรื่องร้องเรียน!E:E,"3",เรื่องร้องเรียน!N:N,"ตลิ่งชัน",เรื่องร้องเรียน!AN:AN,"ตลิ่งชัน",เรื่องร้องเรียน!AQ:AQ,"1",เรื่องร้องเรียน!CL:CL,"") -> 0 | R66: =COUNTIFS(เรื่องร้องเรียน!E:E,"4",เรื่องร้องเรียน!N:N,"ตลิ่งชัน",เรื่องร้องเรียน!AN:AN,"ตลิ่งชัน",เรื่องร้องเรียน!AQ:AQ,"1",เรื่องร้องเรียน!CL:CL,"") -> 0 | T66: =SUM(O66:S66) -> 0 | U66: =M66-N66-T66 -> 0 | W66: =SUM(M66-N66) -> 0
B67: บางเสาธง | C67: =COUNTIFS(เรื่องร้องเรียน!E:E,"1",เรื่องร้องเรียน!N:N,"ตลิ่งชัน",เรื่องร้องเรียน!AN:AN,"บางเสาธง") -> 0 | D67: =COUNTIFS(เรื่องร้องเรียน!E:E,"1",เรื่องร้องเรียน!N:N,"ตลิ่งชัน",เรื่องร้องเรียน!AN:AN,"บางเสาธง",เรื่องร้องเรียน!CL:CL,"1") -> 0 | E67: =COUNTIFS(เรื่องร้องเรียน!E:E,"2",เรื่องร้องเรียน!N:N,"ตลิ่งชัน",เรื่องร้องเรียน!AN:AN,"บางเสาธง") -> 0 | F67: =COUNTIFS(เรื่องร้องเรียน!E:E,"2",เรื่องร้องเรียน!N:N,"ตลิ่งชัน",เรื่องร้องเรียน!AN:AN,"บางเสาธง",เรื่องร้องเรียน!CL:CL,"1") -> 0 | G67: =COUNTIFS(เรื่องร้องเรียน!E:E,"3",เรื่องร้องเรียน!N:N,"ตลิ่งชัน",เรื่องร้องเรียน!AN:AN,"บางเสาธง") -> 0 | H67: =COUNTIFS(เรื่องร้องเรียน!E:E,"3",เรื่องร้องเรียน!N:N,"ตลิ่งชัน",เรื่องร้องเรียน!AN:AN,"บางเสาธง",เรื่องร้องเรียน!CL:CL,"1") -> 0 | I67: =COUNTIFS(เรื่องร้องเรียน!E:E,"4",เรื่องร้องเรียน!N:N,"ตลิ่งชัน",เรื่องร้องเรียน!AN:AN,"บางเสาธง") -> 0 | J67: =COUNTIFS(เรื่องร้องเรียน!E:E,"4",เรื่องร้องเรียน!N:N,"ตลิ่งชัน",เรื่องร้องเรียน!AN:AN,"บางเสาธง",เรื่องร้องเรียน!CL:CL,"1") -> 0 | M67: =SUM(C67,E67,G67,I67,K67) -> 0 | N67: =SUM(D67,F67,H67,J67,L67) -> 0 | O67: =COUNTIFS(เรื่องร้องเรียน!E:E,"1",เรื่องร้องเรียน!N:N,"ตลิ่งชัน",เรื่องร้องเรียน!AN:AN,"บางเสาธง",เรื่องร้องเรียน!AQ:AQ,"1",เรื่องร้องเรียน!CL:CL,"") -> 0 | P67: =COUNTIFS(เรื่องร้องเรียน!E:E,"2",เรื่องร้องเรียน!N:N,"ตลิ่งชัน",เรื่องร้องเรียน!AN:AN,"บางเสาธง",เรื่องร้องเรียน!AQ:AQ,"1",เรื่องร้องเรียน!CL:CL,"") -> 0 | Q67: =COUNTIFS(เรื่องร้องเรียน!E:E,"3",เรื่องร้องเรียน!N:N,"ตลิ่งชัน",เรื่องร้องเรียน!AN:AN,"บางเสาธง",เรื่องร้องเรียน!AQ:AQ,"1",เรื่องร้องเรียน!CL:CL,"") -> 0 | R67: =COUNTIFS(เรื่องร้องเรียน!E:E,"4",เรื่องร้องเรียน!N:N,"ตลิ่งชัน",เรื่องร้องเรียน!AN:AN,"บางเสาธง",เรื่องร้องเรียน!AQ:AQ,"1",เรื่องร้องเรียน!CL:CL,"") -> 0 | T67: =SUM(O67:S67) -> 0 | U67: =M67-N67-T67 -> 0 | W67: =SUM(M67-N67) -> 0
B68: บางยี่ขัน | C68: =COUNTIFS(เรื่องร้องเรียน!E:E,"1",เรื่องร้องเรียน!N:N,"ตลิ่งชัน",เรื่องร้องเรียน!AN:AN,"บางยี่ขัน") -> 0 | D68: =COUNTIFS(เรื่องร้องเรียน!E:E,"1",เรื่องร้องเรียน!N:N,"ตลิ่งชัน",เรื่องร้องเรียน!AN:AN,"บางยี่ขัน",เรื่องร้องเรียน!CL:CL,"1") -> 0 | E68: =COUNTIFS(เรื่องร้องเรียน!E:E,"2",เรื่องร้องเรียน!N:N,"ตลิ่งชัน",เรื่องร้องเรียน!AN:AN,"บางยี่ขัน") -> 0 | F68: =COUNTIFS(เรื่องร้องเรียน!E:E,"2",เรื่องร้องเรียน!N:N,"ตลิ่งชัน",เรื่องร้องเรียน!AN:AN,"บางยี่ขัน",เรื่องร้องเรียน!CL:CL,"1") -> 0 | G68: =COUNTIFS(เรื่องร้องเรียน!E:E,"3",เรื่องร้องเรียน!N:N,"ตลิ่งชัน",เรื่องร้องเรียน!AN:AN,"บางยี่ขัน") -> 0 | H68: =COUNTIFS(เรื่องร้องเรียน!E:E,"3",เรื่องร้องเรียน!N:N,"ตลิ่งชัน",เรื่องร้องเรียน!AN:AN,"บางยี่ขัน",เรื่องร้องเรียน!CL:CL,"1") -> 0 | I68: =COUNTIFS(เรื่องร้องเรียน!E:E,"4",เรื่องร้องเรียน!N:N,"ตลิ่งชัน",เรื่องร้องเรียน!AN:AN,"บางยี่ขัน") -> 0 | J68: =COUNTIFS(เรื่องร้องเรียน!E:E,"4",เรื่องร้องเรียน!N:N,"ตลิ่งชัน",เรื่องร้องเรียน!AN:AN,"บางยี่ขัน",เรื่องร้องเรียน!CL:CL,"1") -> 0 | M68: =SUM(C68,E68,G68,I68,K68) -> 0 | N68: =SUM(D68,F68,H68,J68,L68) -> 0 | O68: =COUNTIFS(เรื่องร้องเรียน!E:E,"1",เรื่องร้องเรียน!N:N,"ตลิ่งชัน",เรื่องร้องเรียน!AN:AN,"บางยี่ขัน",เรื่องร้องเรียน!AQ:AQ,"1",เรื่องร้องเรียน!CL:CL,"") -> 0 | P68: =COUNTIFS(เรื่องร้องเรียน!E:E,"2",เรื่องร้องเรียน!N:N,"ตลิ่งชัน",เรื่องร้องเรียน!AN:AN,"บางยี่ขัน",เรื่องร้องเรียน!AQ:AQ,"1",เรื่องร้องเรียน!CL:CL,"") -> 0 | Q68: =COUNTIFS(เรื่องร้องเรียน!E:E,"3",เรื่องร้องเรียน!N:N,"ตลิ่งชัน",เรื่องร้องเรียน!AN:AN,"บางยี่ขัน",เรื่องร้องเรียน!AQ:AQ,"1",เรื่องร้องเรียน!CL:CL,"") -> 0 | R68: =COUNTIFS(เรื่องร้องเรียน!E:E,"4",เรื่องร้องเรียน!N:N,"ตลิ่งชัน",เรื่องร้องเรียน!AN:AN,"บางยี่ขัน",เรื่องร้องเรียน!AQ:AQ,"1",เรื่องร้องเรียน!CL:CL,"") -> 0 | T68: =SUM(O68:S68) -> 0 | U68: =M68-N68-T68 -> 0 | W68: =SUM(M68-N68) -> 0
B69: ธรรมศาลา | C69: =COUNTIFS(เรื่องร้องเรียน!E:E,"1",เรื่องร้องเรียน!N:N,"ตลิ่งชัน",เรื่องร้องเรียน!AN:AN,"ธรรมศาลา") -> 0 | D69: =COUNTIFS(เรื่องร้องเรียน!E:E,"1",เรื่องร้องเรียน!N:N,"ตลิ่งชัน",เรื่องร้องเรียน!AN:AN,"ธรรมศาลา",เรื่องร้องเรียน!CL:CL,"1") -> 0 | E69: =COUNTIFS(เรื่องร้องเรียน!E:E,"2",เรื่องร้องเรียน!N:N,"ตลิ่งชัน",เรื่องร้องเรียน!AN:AN,"ธรรมศาลา") -> 0 | F69: =COUNTIFS(เรื่องร้องเรียน!E:E,"2",เรื่องร้องเรียน!N:N,"ตลิ่งชัน",เรื่องร้องเรียน!AN:AN,"ธรรมศาลา",เรื่องร้องเรียน!CL:CL,"1") -> 0 | G69: =COUNTIFS(เรื่องร้องเรียน!E:E,"3",เรื่องร้องเรียน!N:N,"ตลิ่งชัน",เรื่องร้องเรียน!AN:AN,"ธรรมศาลา") -> 0 | H69: =COUNTIFS(เรื่องร้องเรียน!E:E,"3",เรื่องร้องเรียน!N:N,"ตลิ่งชัน",เรื่องร้องเรียน!AN:AN,"ธรรมศาลา",เรื่องร้องเรียน!CL:CL,"1") -> 0 | I69: =COUNTIFS(เรื่องร้องเรียน!E:E,"4",เรื่องร้องเรียน!N:N,"ตลิ่งชัน",เรื่องร้องเรียน!AN:AN,"ธรรมศาลา") -> 0 | J69: =COUNTIFS(เรื่องร้องเรียน!E:E,"4",เรื่องร้องเรียน!N:N,"ตลิ่งชัน",เรื่องร้องเรียน!AN:AN,"ธรรมศาลา",เรื่องร้องเรียน!CL:CL,"1") -> 0 | M69: =SUM(C69,E69,G69,I69,K69) -> 0 | N69: =SUM(D69,F69,H69,J69,L69) -> 0 | O69: =COUNTIFS(เรื่องร้องเรียน!E:E,"1",เรื่องร้องเรียน!N:N,"ตลิ่งชัน",เรื่องร้องเรียน!AN:AN,"ธรรมศาลา",เรื่องร้องเรียน!AQ:AQ,"1",เรื่องร้องเรียน!CL:CL,"") -> 0 | P69: =COUNTIFS(เรื่องร้องเรียน!E:E,"2",เรื่องร้องเรียน!N:N,"ตลิ่งชัน",เรื่องร้องเรียน!AN:AN,"ธรรมศาลา",เรื่องร้องเรียน!AQ:AQ,"1",เรื่องร้องเรียน!CL:CL,"") -> 0 | Q69: =COUNTIFS(เรื่องร้องเรียน!E:E,"3",เรื่องร้องเรียน!N:N,"ตลิ่งชัน",เรื่องร้องเรียน!AN:AN,"ธรรมศาลา",เรื่องร้องเรียน!AQ:AQ,"1",เรื่องร้องเรียน!CL:CL,"") -> 0 | R69: =COUNTIFS(เรื่องร้องเรียน!E:E,"4",เรื่องร้องเรียน!N:N,"ตลิ่งชัน",เรื่องร้องเรียน!AN:AN,"ธรรมศาลา",เรื่องร้องเรียน!AQ:AQ,"1",เรื่องร้องเรียน!CL:CL,"") -> 0 | T69: =SUM(O69:S69) -> 0 | U69: =M69-N69-T69 -> 0 | W69: =SUM(M69-N69) -> 0
A70: ทวีวัฒนา | B70: รวม | C70: =SUM(C71:C75) -> 0 | D70: =SUM(D71:D75) -> 0 | E70: =SUM(E71:E75) -> 0 | F70: =SUM(F71:F75) -> 0 | G70: =SUM(G71:G75) -> 0 | H70: =SUM(H71:H75) -> 0 | I70: =SUM(I71:I75) -> 0 | J70: =SUM(J71:J75) -> 0 | ... T70: =SUM(T71:T75) -> 0 | U70: =M70-N70-T70 -> 0 | W70: =SUM(M70-N70) -> 0
B71: สปพ. | K71: =COUNTIFS(เรื่องร้องเรียน!E:E,"5",เรื่องร้องเรียน!N:N,"ทวีวัฒนา") -> 0 | L71: =COUNTIFS(เรื่องร้องเรียน!E:E,"5",เรื่องร้องเรียน!N:N,"ทวีวัฒนา",เรื่องร้องเรียน!CL:CL,"1") -> 0 | M71: =SUM(C71,E71,G71,I71,K71) -> 0 | N71: =SUM(D71,F71,H71,J71,L71) -> 0 | S71: =COUNTIFS(เรื่องร้องเรียน!E:E,"5",เรื่องร้องเรียน!N:N,"ทวีวัฒนา",เรื่องร้องเรียน!AQ:AQ,"1",เรื่องร้องเรียน!CL:CL,"") -> 0 | T71: =SUM(O71:S71) -> 0 | U71: =M71-N71-T71 -> 0 | V71: หนองค้างพลู | W71: =SUM(M71-N71) -> 0
B72: ธรรมศาลา | C72: =COUNTIFS(เรื่องร้องเรียน!E:E,"1",เรื่องร้องเรียน!N:N,"ทวีวัฒนา",เรื่องร้องเรียน!AN:AN,"ธรรมศาลา") -> 0 | D72: =COUNTIFS(เรื่องร้องเรียน!E:E,"1",เรื่องร้องเรียน!N:N,"ทวีวัฒนา",เรื่องร้องเรียน!AN:AN,"ธรรมศาลา",เรื่องร้องเรียน!CL:CL,"1") -> 0 | E72: =COUNTIFS(เรื่องร้องเรียน!E:E,"2",เรื่องร้องเรียน!N:N,"ทวีวัฒนา",เรื่องร้องเรียน!AN:AN,"ธรรมศาลา") -> 0 | F72: =COUNTIFS(เรื่องร้องเรียน!E:E,"2",เรื่องร้องเรียน!N:N,"ทวีวัฒนา",เรื่องร้องเรียน!AN:AN,"ธรรมศาลา",เรื่องร้องเรียน!CL:CL,"1") -> 0 | G72: =COUNTIFS(เรื่องร้องเรียน!E:E,"3",เรื่องร้องเรียน!N:N,"ทวีวัฒนา",เรื่องร้องเรียน!AN:AN,"ธรรมศาลา") -> 0 | H72: =COUNTIFS(เรื่องร้องเรียน!E:E,"3",เรื่องร้องเรียน!N:N,"ทวีวัฒนา",เรื่องร้องเรียน!AN:AN,"ธรรมศาลา",เรื่องร้องเรียน!CL:CL,"1") -> 0 | I72: =COUNTIFS(เรื่องร้องเรียน!E:E,"4",เรื่องร้องเรียน!N:N,"ทวีวัฒนา",เรื่องร้องเรียน!AN:AN,"ธรรมศาลา") -> 0 | J72: =COUNTIFS(เรื่องร้องเรียน!E:E,"4",เรื่องร้องเรียน!N:N,"ทวีวัฒนา",เรื่องร้องเรียน!AN:AN,"ธรรมศาลา",เรื่องร้องเรียน!CL:CL,"1") -> 0 | M72: =SUM(C72,E72,G72,I72,K72) -> 0 | N72: =SUM(D72,F72,H72,J72,L72) -> 0 | O72: =COUNTIFS(เรื่องร้องเรียน!E:E,"1",เรื่องร้องเรียน!N:N,"ทวีวัฒนา",เรื่องร้องเรียน!AN:AN,"ธรรมศาลา",เรื่องร้องเรียน!AQ:AQ,"1",เรื่องร้องเรียน!CL:CL,"") -> 0 | P72: =COUNTIFS(เรื่องร้องเรียน!E:E,"2",เรื่องร้องเรียน!N:N,"ทวีวัฒนา",เรื่องร้องเรียน!AN:AN,"ธรรมศาลา",เรื่องร้องเรียน!AQ:AQ,"1",เรื่องร้องเรียน!CL:CL,"") -> 0 | Q72: =COUNTIFS(เรื่องร้องเรียน!E:E,"3",เรื่องร้องเรียน!N:N,"ทวีวัฒนา",เรื่องร้องเรียน!AN:AN,"ธรรมศาลา",เรื่องร้องเรียน!AQ:AQ,"1",เรื่องร้องเรียน!CL:CL,"") -> 0 | R72: =COUNTIFS(เรื่องร้องเรียน!E:E,"4",เรื่องร้องเรียน!N:N,"ทวีวัฒนา",เรื่องร้องเรียน!AN:AN,"ธรรมศาลา",เรื่องร้องเรียน!AQ:AQ,"1",เรื่องร้องเรียน!CL:CL,"") -> 0 | T72: =SUM(O72:S72) -> 0 | U72: =M72-N72-T72 -> 0 | V72: บางเสาธง | W72: =SUM(M72-N72) -> 0
B73: ศาลาแดง | C73: =COUNTIFS(เรื่องร้องเรียน!E:E,"1",เรื่องร้องเรียน!N:N,"ทวีวัฒนา",เรื่องร้องเรียน!AN:AN,"ศาลาแดง") -> 0 | D73: =COUNTIFS(เรื่องร้องเรียน!E:E,"1",เรื่องร้องเรียน!N:N,"ทวีวัฒนา",เรื่องร้องเรียน!AN:AN,"ศาลาแดง",เรื่องร้องเรียน!CL:CL,"1") -> 0 | E73: =COUNTIFS(เรื่องร้องเรียน!E:E,"2",เรื่องร้องเรียน!N:N,"ทวีวัฒนา",เรื่องร้องเรียน!AN:AN,"ศาลาแดง") -> 0 | F73: =COUNTIFS(เรื่องร้องเรียน!E:E,"2",เรื่องร้องเรียน!N:N,"ทวีวัฒนา",เรื่องร้องเรียน!AN:AN,"ศาลาแดง",เรื่องร้องเรียน!CL:CL,"1") -> 0 | G73: =COUNTIFS(เรื่องร้องเรียน!E:E,"3",เรื่องร้องเรียน!N:N,"ทวีวัฒนา",เรื่องร้องเรียน!AN:AN,"ศาลาแดง") -> 0 | H73: =COUNTIFS(เรื่องร้องเรียน!E:E,"3",เรื่องร้องเรียน!N:N,"ทวีวัฒนา",เรื่องร้องเรียน!AN:AN,"ศาลาแดง",เรื่องร้องเรียน!CL:CL,"1") -> 0 | I73: =COUNTIFS(เรื่องร้องเรียน!E:E,"4",เรื่องร้องเรียน!N:N,"ทวีวัฒนา",เรื่องร้องเรียน!AN:AN,"ศาลาแดง") -> 0 | J73: =COUNTIFS(เรื่องร้องเรียน!E:E,"4",เรื่องร้องเรียน!N:N,"ทวีวัฒนา",เรื่องร้องเรียน!AN:AN,"ศาลาแดง",เรื่องร้องเรียน!CL:CL,"1") -> 0 | M73: =SUM(C73,E73,G73,I73,K73) -> 0 | N73: =SUM(D73,F73,H73,J73,L73) -> 0 | O73: =COUNTIFS(เรื่องร้องเรียน!E:E,"1",เรื่องร้องเรียน!N:N,"ทวีวัฒนา",เรื่องร้องเรียน!AN:AN,"ศาลาแดง",เรื่องร้องเรียน!AQ:AQ,"1",เรื่องร้องเรียน!CL:CL,"") -> 0 | P73: =COUNTIFS(เรื่องร้องเรียน!E:E,"2",เรื่องร้องเรียน!N:N,"ทวีวัฒนา",เรื่องร้องเรียน!AN:AN,"ศาลาแดง",เรื่องร้องเรียน!AQ:AQ,"1",เรื่องร้องเรียน!CL:CL,"") -> 0 | Q73: =COUNTIFS(เรื่องร้องเรียน!E:E,"3",เรื่องร้องเรียน!N:N,"ทวีวัฒนา",เรื่องร้องเรียน!AN:AN,"ศาลาแดง",เรื่องร้องเรียน!AQ:AQ,"1",เรื่องร้องเรียน!CL:CL,"") -> 0 | R73: =COUNTIFS(เรื่องร้องเรียน!E:E,"4",เรื่องร้องเรียน!N:N,"ทวีวัฒนา",เรื่องร้องเรียน!AN:AN,"ศาลาแดง",เรื่องร้องเรียน!AQ:AQ,"1",เรื่องร้องเรียน!CL:CL,"") -> 0 | T73: =SUM(O73:S73) -> 0 | U73: =M73-N73-T73 -> 0 | W73: =SUM(M73-N73) -> 0
B74: หนองค้างพลู | C74: =COUNTIFS(เรื่องร้องเรียน!E:E,"1",เรื่องร้องเรียน!N:N,"ทวีวัฒนา",เรื่องร้องเรียน!AN:AN,"หนองค้างพลู") -> 0 | D74: =COUNTIFS(เรื่องร้องเรียน!E:E,"1",เรื่องร้องเรียน!N:N,"ทวีวัฒนา",เรื่องร้องเรียน!AN:AN,"หนองค้างพลู",เรื่องร้องเรียน!CL:CL,"1") -> 0 | E74: =COUNTIFS(เรื่องร้องเรียน!E:E,"2",เรื่องร้องเรียน!N:N,"ทวีวัฒนา",เรื่องร้องเรียน!AN:AN,"หนองค้างพลู") -> 0 | F74: =COUNTIFS(เรื่องร้องเรียน!E:E,"2",เรื่องร้องเรียน!N:N,"ทวีวัฒนา",เรื่องร้องเรียน!AN:AN,"หนองค้างพลู",เรื่องร้องเรียน!CL:CL,"1") -> 0 | G74: =COUNTIFS(เรื่องร้องเรียน!E:E,"3",เรื่องร้องเรียน!N:N,"ทวีวัฒนา",เรื่องร้องเรียน!AN:AN,"หนองค้างพลู") -> 0 | H74: =COUNTIFS(เรื่องร้องเรียน!E:E,"3",เรื่องร้องเรียน!N:N,"ทวีวัฒนา",เรื่องร้องเรียน!AN:AN,"หนองค้างพลู",เรื่องร้องเรียน!CL:CL,"1") -> 0 | I74: =COUNTIFS(เรื่องร้องเรียน!E:E,"4",เรื่องร้องเรียน!N:N,"ทวีวัฒนา",เรื่องร้องเรียน!AN:AN,"หนองค้างพลู") -> 0 | J74: =COUNTIFS(เรื่องร้องเรียน!E:E,"4",เรื่องร้องเรียน!N:N,"ทวีวัฒนา",เรื่องร้องเรียน!AN:AN,"หนองค้างพลู",เรื่องร้องเรียน!CL:CL,"1") -> 0 | M74: =SUM(C74,E74,G74,I74,K74) -> 0 | N74: =SUM(D74,F74,H74,J74,L74) -> 0 | O74: =COUNTIFS(เรื่องร้องเรียน!E:E,"1",เรื่องร้องเรียน!N:N,"ทวีวัฒนา",เรื่องร้องเรียน!AN:AN,"หนองค้างพลู",เรื่องร้องเรียน!AQ:AQ,"1",เรื่องร้องเรียน!CL:CL,"") -> 0 | P74: =COUNTIFS(เรื่องร้องเรียน!E:E,"2",เรื่องร้องเรียน!N:N,"ทวีวัฒนา",เรื่องร้องเรียน!AN:AN,"หนองค้างพลู",เรื่องร้องเรียน!AQ:AQ,"1",เรื่องร้องเรียน!CL:CL,"") -> 0 | Q74: =COUNTIFS(เรื่องร้องเรียน!E:E,"3",เรื่องร้องเรียน!N:N,"ทวีวัฒนา",เรื่องร้องเรียน!AN:AN,"หนองค้างพลู",เรื่องร้องเรียน!AQ:AQ,"1",เรื่องร้องเรียน!CL:CL,"") -> 0 | R74: =COUNTIFS(เรื่องร้องเรียน!E:E,"4",เรื่องร้องเรียน!N:N,"ทวีวัฒนา",เรื่องร้องเรียน!AN:AN,"หนองค้างพลู",เรื่องร้องเรียน!AQ:AQ,"1",เรื่องร้องเรียน!CL:CL,"") -> 0 | T74: =SUM(O74:S74) -> 0 | U74: =M74-N74-T74 -> 0 | W74: =SUM(M74-N74) -> 0
B75: บางเสาธง | C75: =COUNTIFS(เรื่องร้องเรียน!E:E,"1",เรื่องร้องเรียน!N:N,"ทวีวัฒนา",เรื่องร้องเรียน!AN:AN,"บางเสาธง") -> 0 | D75: =COUNTIFS(เรื่องร้องเรียน!E:E,"1",เรื่องร้องเรียน!N:N,"ทวีวัฒนา",เรื่องร้องเรียน!AN:AN,"บางเสาธง",เรื่องร้องเรียน!CL:CL,"1") -> 0 | E75: =COUNTIFS(เรื่องร้องเรียน!E:E,"2",เรื่องร้องเรียน!N:N,"ทวีวัฒนา",เรื่องร้องเรียน!AN:AN,"บางเสาธง") -> 0 | F75: =COUNTIFS(เรื่องร้องเรียน!E:E,"2",เรื่องร้องเรียน!N:N,"ทวีวัฒนา",เรื่องร้องเรียน!AN:AN,"บางเสาธง",เรื่องร้องเรียน!CL:CL,"1") -> 0 | G75: =COUNTIFS(เรื่องร้องเรียน!E:E,"3",เรื่องร้องเรียน!N:N,"ทวีวัฒนา",เรื่องร้องเรียน!AN:AN,"บางเสาธง") -> 0 | H75: =COUNTIFS(เรื่องร้องเรียน!E:E,"3",เรื่องร้องเรียน!N:N,"ทวีวัฒนา",เรื่องร้องเรียน!AN:AN,"บางเสาธง",เรื่องร้องเรียน!CL:CL,"1") -> 0 | I75: =COUNTIFS(เรื่องร้องเรียน!E:E,"4",เรื่องร้องเรียน!N:N,"ทวีวัฒนา",เรื่องร้องเรียน!AN:AN,"บางเสาธง") -> 0 | J75: =COUNTIFS(เรื่องร้องเรียน!E:E,"4",เรื่องร้องเรียน!N:N,"ทวีวัฒนา",เรื่องร้องเรียน!AN:AN,"บางเสาธง",เรื่องร้องเรียน!CL:CL,"1") -> 0 | M75: =SUM(C75,E75,G75,I75,K75) -> 0 | N75: =SUM(D75,F75,H75,J75,L75) -> 0 | O75: =COUNTIFS(เรื่องร้องเรียน!E:E,"1",เรื่องร้องเรียน!N:N,"ทวีวัฒนา",เรื่องร้องเรียน!AN:AN,"บางเสาธง",เรื่องร้องเรียน!AQ:AQ,"1",เรื่องร้องเรียน!CL:CL,"") -> 0 | P75: =COUNTIFS(เรื่องร้องเรียน!E:E,"2",เรื่องร้องเรียน!N:N,"ทวีวัฒนา",เรื่องร้องเรียน!AN:AN,"บางเสาธง",เรื่องร้องเรียน!AQ:AQ,"1",เรื่องร้องเรียน!CL:CL,"") -> 0 | Q75: =COUNTIFS(เรื่องร้องเรียน!E:E,"3",เรื่องร้องเรียน!N:N,"ทวีวัฒนา",เรื่องร้องเรียน!AN:AN,"บางเสาธง",เรื่องร้องเรียน!AQ:AQ,"1",เรื่องร้องเรียน!CL:CL,"") -> 0 | R75: =COUNTIFS(เรื่องร้องเรียน!E:E,"4",เรื่องร้องเรียน!N:N,"ทวีวัฒนา",เรื่องร้องเรียน!AN:AN,"บางเสาธง",เรื่องร้องเรียน!AQ:AQ,"1",เรื่องร้องเรียน!CL:CL,"") -> 0 | T75: =SUM(O75:S75) -> 0 | U75: =M75-N75-T75 -> 0 | W75: =SUM(M75-N75) -> 0
A76: ทุ่งครุ | B76: รวม | C76: =SUM(C77:C80) -> 0 | D76: =SUM(D77:D80) -> 0 | E76: =SUM(E77:E80) -> 0 | F76: =SUM(F77:F80) -> 0 | G76: =SUM(G77:G80) -> 0 | H76: =SUM(H77:H80) -> 0 | I76: =SUM(I77:I80) -> 0 | J76: =SUM(J77:J80) -> 0 | ... N76: =SUM(N77:N80) -> 0 | O76: =SUM(O77:O80 ) -> 0 | P76: =SUM(P77:P80 ) -> 0 | Q76: =SUM(Q77:Q80 ) -> 0 | R76: =SUM(R77:R80 ) -> 0 | S76: =SUM(S77:S80 ) -> 0 | T76: =SUM(T77:T80 ) -> 0 | U76: =M76-N76-T76 -> 0 | W76: =SUM(M76-N76) -> 0
B77: สปพ. | K77: =COUNTIFS(เรื่องร้องเรียน!E:E,"5",เรื่องร้องเรียน!N:N,"ทุ่งครุ") -> 0 | L77: =COUNTIFS(เรื่องร้องเรียน!E:E,"5",เรื่องร้องเรียน!N:N,"ทุ่งครุ",เรื่องร้องเรียน!CL:CL,"1") -> 0 | M77: =SUM(C77,E77,G77,I77,K77) -> 0 | N77: =SUM(D77,F77,H77,J77,L77) -> 0 | S77: =COUNTIFS(เรื่องร้องเรียน!E:E,"5",เรื่องร้องเรียน!N:N,"ทุ่งครุ",เรื่องร้องเรียน!AQ:AQ,"1",เรื่องร้องเรียน!CL:CL,"") -> 0 | T77: =SUM(O77:S77) -> 0 | U77: =M77-N77-T77 -> 0 | W77: =SUM(M77-N77) -> 0
B78: ทุ่งครุ | C78: =COUNTIFS(เรื่องร้องเรียน!E:E,"1",เรื่องร้องเรียน!N:N,"ทุ่งครุ",เรื่องร้องเรียน!AN:AN,"ทุ่งครุ") -> 0 | D78: =COUNTIFS(เรื่องร้องเรียน!E:E,"1",เรื่องร้องเรียน!N:N,"ทุ่งครุ",เรื่องร้องเรียน!AN:AN,"ทุ่งครุ",เรื่องร้องเรียน!CL:CL,"1") -> 0 | E78: =COUNTIFS(เรื่องร้องเรียน!E:E,"2",เรื่องร้องเรียน!N:N,"ทุ่งครุ",เรื่องร้องเรียน!AN:AN,"ทุ่งครุ") -> 0 | F78: =COUNTIFS(เรื่องร้องเรียน!E:E,"2",เรื่องร้องเรียน!N:N,"ทุ่งครุ",เรื่องร้องเรียน!AN:AN,"ทุ่งครุ",เรื่องร้องเรียน!CL:CL,"1") -> 0 | G78: =COUNTIFS(เรื่องร้องเรียน!E:E,"3",เรื่องร้องเรียน!N:N,"ทุ่งครุ",เรื่องร้องเรียน!AN:AN,"ทุ่งครุ") -> 0 | H78: =COUNTIFS(เรื่องร้องเรียน!E:E,"3",เรื่องร้องเรียน!N:N,"ทุ่งครุ",เรื่องร้องเรียน!AN:AN,"ทุ่งครุ",เรื่องร้องเรียน!CL:CL,"1") -> 0 | I78: =COUNTIFS(เรื่องร้องเรียน!E:E,"4",เรื่องร้องเรียน!N:N,"ทุ่งครุ",เรื่องร้องเรียน!AN:AN,"ทุ่งครุ") -> 0 | J78: =COUNTIFS(เรื่องร้องเรียน!E:E,"4",เรื่องร้องเรียน!N:N,"ทุ่งครุ",เรื่องร้องเรียน!AN:AN,"ทุ่งครุ",เรื่องร้องเรียน!CL:CL,"1") -> 0 | M78: =SUM(C78,E78,G78,I78,K78) -> 0 | N78: =SUM(D78,F78,H78,J78,L78) -> 0 | O78: =COUNTIFS(เรื่องร้องเรียน!E:E,"1",เรื่องร้องเรียน!N:N,"ทุ่งครุ",เรื่องร้องเรียน!AN:AN,"ทุ่งครุ",เรื่องร้องเรียน!AQ:AQ,"1",เรื่องร้องเรียน!CL:CL,"") -> 0 | P78: =COUNTIFS(เรื่องร้องเรียน!E:E,"2",เรื่องร้องเรียน!N:N,"ทุ่งครุ",เรื่องร้องเรียน!AN:AN,"ทุ่งครุ",เรื่องร้องเรียน!AQ:AQ,"1",เรื่องร้องเรียน!CL:CL,"") -> 0 | Q78: =COUNTIFS(เรื่องร้องเรียน!E:E,"3",เรื่องร้องเรียน!N:N,"ทุ่งครุ",เรื่องร้องเรียน!AN:AN,"ทุ่งครุ",เรื่องร้องเรียน!AQ:AQ,"1",เรื่องร้องเรียน!CL:CL,"") -> 0 | R78: =COUNTIFS(เรื่องร้องเรียน!E:E,"4",เรื่องร้องเรียน!N:N,"ทุ่งครุ",เรื่องร้องเรียน!AN:AN,"ทุ่งครุ",เรื่องร้องเรียน!AQ:AQ,"1",เรื่องร้องเรียน!CL:CL,"") -> 0 | T78: =SUM(O78:S78) -> 0 | U78: =M78-N78-T78 -> 0 | V78: บางมด | W78: =SUM(M78-N78) -> 0
B79: ราษฎร์บูรณะ | C79: =COUNTIFS(เรื่องร้องเรียน!E:E,"1",เรื่องร้องเรียน!N:N,"ทุ่งครุ",เรื่องร้องเรียน!AN:AN,"ราษฎร์บูรณะ") -> 0 | D79: =COUNTIFS(เรื่องร้องเรียน!E:E,"1",เรื่องร้องเรียน!N:N,"ทุ่งครุ",เรื่องร้องเรียน!AN:AN,"ราษฎร์บูรณะ",เรื่องร้องเรียน!CL:CL,"1") -> 0 | E79: =COUNTIFS(เรื่องร้องเรียน!E:E,"2",เรื่องร้องเรียน!N:N,"ทุ่งครุ",เรื่องร้องเรียน!AN:AN,"ราษฎร์บูรณะ") -> 0 | F79: =COUNTIFS(เรื่องร้องเรียน!E:E,"2",เรื่องร้องเรียน!N:N,"ทุ่งครุ",เรื่องร้องเรียน!AN:AN,"ราษฎร์บูรณะ",เรื่องร้องเรียน!CL:CL,"1") -> 0 | G79: =COUNTIFS(เรื่องร้องเรียน!E:E,"3",เรื่องร้องเรียน!N:N,"ทุ่งครุ",เรื่องร้องเรียน!AN:AN,"ราษฎร์บูรณะ") -> 0 | H79: =COUNTIFS(เรื่องร้องเรียน!E:E,"3",เรื่องร้องเรียน!N:N,"ทุ่งครุ",เรื่องร้องเรียน!AN:AN,"ราษฎร์บูรณะ",เรื่องร้องเรียน!CL:CL,"1") -> 0 | I79: =COUNTIFS(เรื่องร้องเรียน!E:E,"4",เรื่องร้องเรียน!N:N,"ทุ่งครุ",เรื่องร้องเรียน!AN:AN,"ราษฎร์บูรณะ") -> 0 | J79: =COUNTIFS(เรื่องร้องเรียน!E:E,"4",เรื่องร้องเรียน!N:N,"ทุ่งครุ",เรื่องร้องเรียน!AN:AN,"ราษฎร์บูรณะ",เรื่องร้องเรียน!CL:CL,"1") -> 0 | M79: =SUM(C79,E79,G79,I79,K79) -> 0 | N79: =SUM(D79,F79,H79,J79,L79) -> 0 | O79: =COUNTIFS(เรื่องร้องเรียน!E:E,"1",เรื่องร้องเรียน!N:N,"ทุ่งครุ",เรื่องร้องเรียน!AN:AN,"ราษฎร์บูรณะ",เรื่องร้องเรียน!AQ:AQ,"1",เรื่องร้องเรียน!CL:CL,"") -> 0 | P79: =COUNTIFS(เรื่องร้องเรียน!E:E,"2",เรื่องร้องเรียน!N:N,"ทุ่งครุ",เรื่องร้องเรียน!AN:AN,"ราษฎร์บูรณะ",เรื่องร้องเรียน!AQ:AQ,"1",เรื่องร้องเรียน!CL:CL,"") -> 0 | Q79: =COUNTIFS(เรื่องร้องเรียน!E:E,"3",เรื่องร้องเรียน!N:N,"ทุ่งครุ",เรื่องร้องเรียน!AN:AN,"ราษฎร์บูรณะ",เรื่องร้องเรียน!AQ:AQ,"1",เรื่องร้องเรียน!CL:CL,"") -> 0 | R79: =COUNTIFS(เรื่องร้องเรียน!E:E,"4",เรื่องร้องเรียน!N:N,"ทุ่งครุ",เรื่องร้องเรียน!AN:AN,"ราษฎร์บูรณะ",เรื่องร้องเรียน!AQ:AQ,"1",เรื่องร้องเรียน!CL:CL,"") -> 0 | T79: =SUM(O79:S79) -> 0 | U79: =M79-N79-T79 -> 0 | W79: =SUM(M79-N79) -> 0
B80: บางมด | C80: =COUNTIFS(เรื่องร้องเรียน!E:E,"1",เรื่องร้องเรียน!N:N,"ทุ่งครุ",เรื่องร้องเรียน!AN:AN,"บางมด") -> 0 | D80: =COUNTIFS(เรื่องร้องเรียน!E:E,"1",เรื่องร้องเรียน!N:N,"ทุ่งครุ",เรื่องร้องเรียน!AN:AN,"บางมด",เรื่องร้องเรียน!CL:CL,"1") -> 0 | E80: =COUNTIFS(เรื่องร้องเรียน!E:E,"2",เรื่องร้องเรียน!N:N,"ทุ่งครุ",เรื่องร้องเรียน!AN:AN,"บางมด") -> 0 | F80: =COUNTIFS(เรื่องร้องเรียน!E:E,"2",เรื่องร้องเรียน!N:N,"ทุ่งครุ",เรื่องร้องเรียน!AN:AN,"บางมด",เรื่องร้องเรียน!CL:CL,"1") -> 0 | G80: =COUNTIFS(เรื่องร้องเรียน!E:E,"3",เรื่องร้องเรียน!N:N,"ทุ่งครุ",เรื่องร้องเรียน!AN:AN,"บางมด") -> 0 | H80: =COUNTIFS(เรื่องร้องเรียน!E:E,"3",เรื่องร้องเรียน!N:N,"ทุ่งครุ",เรื่องร้องเรียน!AN:AN,"บางมด",เรื่องร้องเรียน!CL:CL,"1") -> 0 | I80: =COUNTIFS(เรื่องร้องเรียน!E:E,"4",เรื่องร้องเรียน!N:N,"ทุ่งครุ",เรื่องร้องเรียน!AN:AN,"บางมด") -> 0 | J80: =COUNTIFS(เรื่องร้องเรียน!E:E,"4",เรื่องร้องเรียน!N:N,"ทุ่งครุ",เรื่องร้องเรียน!AN:AN,"บางมด",เรื่องร้องเรียน!CL:CL,"1") -> 0 | M80: =SUM(C80,E80,G80,I80,K80) -> 0 | N80: =SUM(D80,F80,H80,J80,L80) -> 0 | O80: =COUNTIFS(เรื่องร้องเรียน!E:E,"1",เรื่องร้องเรียน!N:N,"ทุ่งครุ",เรื่องร้องเรียน!AN:AN,"บางมด",เรื่องร้องเรียน!AQ:AQ,"1",เรื่องร้องเรียน!CL:CL,"") -> 0 | P80: =COUNTIFS(เรื่องร้องเรียน!E:E,"2",เรื่องร้องเรียน!N:N,"ทุ่งครุ",เรื่องร้องเรียน!AN:AN,"บางมด",เรื่องร้องเรียน!AQ:AQ,"1",เรื่องร้องเรียน!CL:CL,"") -> 0 | Q80: =COUNTIFS(เรื่องร้องเรียน!E:E,"3",เรื่องร้องเรียน!N:N,"ทุ่งครุ",เรื่องร้องเรียน!AN:AN,"บางมด",เรื่องร้องเรียน!AQ:AQ,"1",เรื่องร้องเรียน!CL:CL,"") -> 0 | R80: =COUNTIFS(เรื่องร้องเรียน!E:E,"4",เรื่องร้องเรียน!N:N,"ทุ่งครุ",เรื่องร้องเรียน!AN:AN,"บางมด",เรื่องร้องเรียน!AQ:AQ,"1",เรื่องร้องเรียน!CL:CL,"") -> 0 | T80: =SUM(O80:S80) -> 0 | U80: =M80-N80-T80 -> 0 | W80: =SUM(M80-N80) -> 0
A81: ธนบุรี | B81: รวม | C81: =SUM(C82:C87 ) -> 0 | D81: =SUM(D82:D87 ) -> 0 | E81: =SUM(E82:E87 ) -> 0 | F81: =SUM(F82:F87 ) -> 0 | G81: =SUM(G82:G87 ) -> 0 | H81: =SUM(H82:H87 ) -> 0 | I81: =SUM(I82:I87 ) -> 0 | J81: =SUM(J82:J87 ) -> 0 | ... T81: =SUM(T82:T87 ) -> 0 | U81: =M81-N81-T81 -> 0 | W81: =SUM(M81-N81) -> 0
B82: สปพ. | K82: =COUNTIFS(เรื่องร้องเรียน!E:E,"5",เรื่องร้องเรียน!N:N,"ธนบุรี") -> 0 | L82: =COUNTIFS(เรื่องร้องเรียน!E:E,"5",เรื่องร้องเรียน!N:N,"ธนบุรี",เรื่องร้องเรียน!CL:CL,"1") -> 0 | M82: =SUM(C82,E82,G82,I82,K82) -> 0 | N82: =SUM(D82,F82,H82,J82,L82) -> 0 | S82: =COUNTIFS(เรื่องร้องเรียน!E:E,"5",เรื่องร้องเรียน!N:N,"ธนบุรี",เรื่องร้องเรียน!AQ:AQ,"1",เรื่องร้องเรียน!CL:CL,"") -> 0 | T82: =SUM(O82:S82) -> 0 | U82: =M82-N82-T82 -> 0 | W82: =SUM(M82-N82) -> 0
B83: ตลาดพลู | C83: =COUNTIFS(เรื่องร้องเรียน!E:E,"1",เรื่องร้องเรียน!N:N,"ธนบุรี",เรื่องร้องเรียน!AN:AN,"ตลาดพลู") -> 0 | D83: =COUNTIFS(เรื่องร้องเรียน!E:E,"1",เรื่องร้องเรียน!N:N,"ธนบุรี",เรื่องร้องเรียน!AN:AN,"ตลาดพลู",เรื่องร้องเรียน!CL:CL,"1") -> 0 | E83: =COUNTIFS(เรื่องร้องเรียน!E:E,"2",เรื่องร้องเรียน!N:N,"ธนบุรี",เรื่องร้องเรียน!AN:AN,"ตลาดพลู") -> 0 | F83: =COUNTIFS(เรื่องร้องเรียน!E:E,"2",เรื่องร้องเรียน!N:N,"ธนบุรี",เรื่องร้องเรียน!AN:AN,"ตลาดพลู",เรื่องร้องเรียน!CL:CL,"1") -> 0 | G83: =COUNTIFS(เรื่องร้องเรียน!E:E,"3",เรื่องร้องเรียน!N:N,"ธนบุรี",เรื่องร้องเรียน!AN:AN,"ตลาดพลู") -> 0 | H83: =COUNTIFS(เรื่องร้องเรียน!E:E,"3",เรื่องร้องเรียน!N:N,"ธนบุรี",เรื่องร้องเรียน!AN:AN,"ตลาดพลู",เรื่องร้องเรียน!CL:CL,"1") -> 0 | I83: =COUNTIFS(เรื่องร้องเรียน!E:E,"4",เรื่องร้องเรียน!N:N,"ธนบุรี",เรื่องร้องเรียน!AN:AN,"ตลาดพลู") -> 0 | J83: =COUNTIFS(เรื่องร้องเรียน!E:E,"4",เรื่องร้องเรียน!N:N,"ธนบุรี",เรื่องร้องเรียน!AN:AN,"ตลาดพลู",เรื่องร้องเรียน!CL:CL,"1") -> 0 | M83: =SUM(C83,E83,G83,I83,K83) -> 0 | N83: =SUM(D83,F83,H83,J83,L83) -> 0 | O83: =COUNTIFS(เรื่องร้องเรียน!E:E,"1",เรื่องร้องเรียน!N:N,"ธนบุรี",เรื่องร้องเรียน!AN:AN,"ตลาดพลู",เรื่องร้องเรียน!AQ:AQ,"1",เรื่องร้องเรียน!CL:CL,"") -> 0 | P83: =COUNTIFS(เรื่องร้องเรียน!E:E,"2",เรื่องร้องเรียน!N:N,"ธนบุรี",เรื่องร้องเรียน!AN:AN,"ตลาดพลู",เรื่องร้องเรียน!AQ:AQ,"1",เรื่องร้องเรียน!CL:CL,"") -> 0 | Q83: =COUNTIFS(เรื่องร้องเรียน!E:E,"3",เรื่องร้องเรียน!N:N,"ธนบุรี",เรื่องร้องเรียน!AN:AN,"ตลาดพลู",เรื่องร้องเรียน!AQ:AQ,"1",เรื่องร้องเรียน!CL:CL,"") -> 0 | R83: =COUNTIFS(เรื่องร้องเรียน!E:E,"4",เรื่องร้องเรียน!N:N,"ธนบุรี",เรื่องร้องเรียน!AN:AN,"ตลาดพลู",เรื่องร้องเรียน!AQ:AQ,"1",เรื่องร้องเรียน!CL:CL,"") -> 0 | T83: =SUM(O83:S83) -> 0 | U83: =M83-N83-T83 -> 0 | W83: =SUM(M83-N83) -> 0
B84: บางยี่เรือ | C84: =COUNTIFS(เรื่องร้องเรียน!E:E,"1",เรื่องร้องเรียน!N:N,"ธนบุรี",เรื่องร้องเรียน!AN:AN,"บางยี่เรือ") -> 0 | D84: =COUNTIFS(เรื่องร้องเรียน!E:E,"1",เรื่องร้องเรียน!N:N,"ธนบุรี",เรื่องร้องเรียน!AN:AN,"บางยี่เรือ",เรื่องร้องเรียน!CL:CL,"1") -> 0 | E84: =COUNTIFS(เรื่องร้องเรียน!E:E,"2",เรื่องร้องเรียน!N:N,"ธนบุรี",เรื่องร้องเรียน!AN:AN,"บางยี่เรือ") -> 0 | F84: =COUNTIFS(เรื่องร้องเรียน!E:E,"2",เรื่องร้องเรียน!N:N,"ธนบุรี",เรื่องร้องเรียน!AN:AN,"บางยี่เรือ",เรื่องร้องเรียน!CL:CL,"1") -> 0 | G84: =COUNTIFS(เรื่องร้องเรียน!E:E,"3",เรื่องร้องเรียน!N:N,"ธนบุรี",เรื่องร้องเรียน!AN:AN,"บางยี่เรือ") -> 0 | H84: =COUNTIFS(เรื่องร้องเรียน!E:E,"3",เรื่องร้องเรียน!N:N,"ธนบุรี",เรื่องร้องเรียน!AN:AN,"บางยี่เรือ",เรื่องร้องเรียน!CL:CL,"1") -> 0 | I84: =COUNTIFS(เรื่องร้องเรียน!E:E,"4",เรื่องร้องเรียน!N:N,"ธนบุรี",เรื่องร้องเรียน!AN:AN,"บางยี่เรือ") -> 0 | J84: =COUNTIFS(เรื่องร้องเรียน!E:E,"4",เรื่องร้องเรียน!N:N,"ธนบุรี",เรื่องร้องเรียน!AN:AN,"บางยี่เรือ",เรื่องร้องเรียน!CL:CL,"1") -> 0 | M84: =SUM(C84,E84,G84,I84,K84) -> 0 | N84: =SUM(D84,F84,H84,J84,L84) -> 0 | O84: =COUNTIFS(เรื่องร้องเรียน!E:E,"1",เรื่องร้องเรียน!N:N,"ธนบุรี",เรื่องร้องเรียน!AN:AN,"บางยี่เรือ",เรื่องร้องเรียน!AQ:AQ,"1",เรื่องร้องเรียน!CL:CL,"") -> 0 | P84: =COUNTIFS(เรื่องร้องเรียน!E:E,"2",เรื่องร้องเรียน!N:N,"ธนบุรี",เรื่องร้องเรียน!AN:AN,"บางยี่เรือ",เรื่องร้องเรียน!AQ:AQ,"1",เรื่องร้องเรียน!CL:CL,"") -> 0 | Q84: =COUNTIFS(เรื่องร้องเรียน!E:E,"3",เรื่องร้องเรียน!N:N,"ธนบุรี",เรื่องร้องเรียน!AN:AN,"บางยี่เรือ",เรื่องร้องเรียน!AQ:AQ,"1",เรื่องร้องเรียน!CL:CL,"") -> 0 | R84: =COUNTIFS(เรื่องร้องเรียน!E:E,"4",เรื่องร้องเรียน!N:N,"ธนบุรี",เรื่องร้องเรียน!AN:AN,"บางยี่เรือ",เรื่องร้องเรียน!AQ:AQ,"1",เรื่องร้องเรียน!CL:CL,"") -> 0 | T84: =SUM(O84:S84) -> 0 | U84: =M84-N84-T84 -> 0 | W84: =SUM(M84-N84) -> 0
B85: บุคคโล | C85: =COUNTIFS(เรื่องร้องเรียน!E:E,"1",เรื่องร้องเรียน!N:N,"ธนบุรี",เรื่องร้องเรียน!AN:AN,"บุคคโล") -> 0 | D85: =COUNTIFS(เรื่องร้องเรียน!E:E,"1",เรื่องร้องเรียน!N:N,"ธนบุรี",เรื่องร้องเรียน!AN:AN,"บุคคโล",เรื่องร้องเรียน!CL:CL,"1") -> 0 | E85: =COUNTIFS(เรื่องร้องเรียน!E:E,"2",เรื่องร้องเรียน!N:N,"ธนบุรี",เรื่องร้องเรียน!AN:AN,"บุคคโล") -> 0 | F85: =COUNTIFS(เรื่องร้องเรียน!E:E,"2",เรื่องร้องเรียน!N:N,"ธนบุรี",เรื่องร้องเรียน!AN:AN,"บุคคโล",เรื่องร้องเรียน!CL:CL,"1") -> 0 | G85: =COUNTIFS(เรื่องร้องเรียน!E:E,"3",เรื่องร้องเรียน!N:N,"ธนบุรี",เรื่องร้องเรียน!AN:AN,"บุคคโล") -> 0 | H85: =COUNTIFS(เรื่องร้องเรียน!E:E,"3",เรื่องร้องเรียน!N:N,"ธนบุรี",เรื่องร้องเรียน!AN:AN,"บุคคโล",เรื่องร้องเรียน!CL:CL,"1") -> 0 | I85: =COUNTIFS(เรื่องร้องเรียน!E:E,"4",เรื่องร้องเรียน!N:N,"ธนบุรี",เรื่องร้องเรียน!AN:AN,"บุคคโล") -> 0 | J85: =COUNTIFS(เรื่องร้องเรียน!E:E,"4",เรื่องร้องเรียน!N:N,"ธนบุรี",เรื่องร้องเรียน!AN:AN,"บุคคโล",เรื่องร้องเรียน!CL:CL,"1") -> 0 | M85: =SUM(C85,E85,G85,I85,K85) -> 0 | N85: =SUM(D85,F85,H85,J85,L85) -> 0 | O85: =COUNTIFS(เรื่องร้องเรียน!E:E,"1",เรื่องร้องเรียน!N:N,"ธนบุรี",เรื่องร้องเรียน!AN:AN,"บุคคโล",เรื่องร้องเรียน!AQ:AQ,"1",เรื่องร้องเรียน!CL:CL,"") -> 0 | P85: =COUNTIFS(เรื่องร้องเรียน!E:E,"2",เรื่องร้องเรียน!N:N,"ธนบุรี",เรื่องร้องเรียน!AN:AN,"บุคคโล",เรื่องร้องเรียน!AQ:AQ,"1",เรื่องร้องเรียน!CL:CL,"") -> 0 | Q85: =COUNTIFS(เรื่องร้องเรียน!E:E,"3",เรื่องร้องเรียน!N:N,"ธนบุรี",เรื่องร้องเรียน!AN:AN,"บุคคโล",เรื่องร้องเรียน!AQ:AQ,"1",เรื่องร้องเรียน!CL:CL,"") -> 0 | R85: =COUNTIFS(เรื่องร้องเรียน!E:E,"4",เรื่องร้องเรียน!N:N,"ธนบุรี",เรื่องร้องเรียน!AN:AN,"บุคคโล",เรื่องร้องเรียน!AQ:AQ,"1",เรื่องร้องเรียน!CL:CL,"") -> 0 | T85: =SUM(O85:S85) -> 0 | U85: =M85-N85-T85 -> 0 | W85: =SUM(M85-N85) -> 0
B86: บุปผาราม | C86: =COUNTIFS(เรื่องร้องเรียน!E:E,"1",เรื่องร้องเรียน!N:N,"ธนบุรี",เรื่องร้องเรียน!AN:AN,"บุปผาราม") -> 0 | D86: =COUNTIFS(เรื่องร้องเรียน!E:E,"1",เรื่องร้องเรียน!N:N,"ธนบุรี",เรื่องร้องเรียน!AN:AN,"บุปผาราม",เรื่องร้องเรียน!CL:CL,"1") -> 0 | E86: =COUNTIFS(เรื่องร้องเรียน!E:E,"2",เรื่องร้องเรียน!N:N,"ธนบุรี",เรื่องร้องเรียน!AN:AN,"บุปผาราม") -> 0 | F86: =COUNTIFS(เรื่องร้องเรียน!E:E,"2",เรื่องร้องเรียน!N:N,"ธนบุรี",เรื่องร้องเรียน!AN:AN,"บุปผาราม",เรื่องร้องเรียน!CL:CL,"1") -> 0 | G86: =COUNTIFS(เรื่องร้องเรียน!E:E,"3",เรื่องร้องเรียน!N:N,"ธนบุรี",เรื่องร้องเรียน!AN:AN,"บุปผาราม") -> 0 | H86: =COUNTIFS(เรื่องร้องเรียน!E:E,"3",เรื่องร้องเรียน!N:N,"ธนบุรี",เรื่องร้องเรียน!AN:AN,"บุปผาราม",เรื่องร้องเรียน!CL:CL,"1") -> 0 | I86: =COUNTIFS(เรื่องร้องเรียน!E:E,"4",เรื่องร้องเรียน!N:N,"ธนบุรี",เรื่องร้องเรียน!AN:AN,"บุปผาราม") -> 0 | J86: =COUNTIFS(เรื่องร้องเรียน!E:E,"4",เรื่องร้องเรียน!N:N,"ธนบุรี",เรื่องร้องเรียน!AN:AN,"บุปผาราม",เรื่องร้องเรียน!CL:CL,"1") -> 0 | M86: =SUM(C86,E86,G86,I86,K86) -> 0 | N86: =SUM(D86,F86,H86,J86,L86) -> 0 | O86: =COUNTIFS(เรื่องร้องเรียน!E:E,"1",เรื่องร้องเรียน!N:N,"ธนบุรี",เรื่องร้องเรียน!AN:AN,"บุปผาราม",เรื่องร้องเรียน!AQ:AQ,"1",เรื่องร้องเรียน!CL:CL,"") -> 0 | P86: =COUNTIFS(เรื่องร้องเรียน!E:E,"2",เรื่องร้องเรียน!N:N,"ธนบุรี",เรื่องร้องเรียน!AN:AN,"บุปผาราม",เรื่องร้องเรียน!AQ:AQ,"1",เรื่องร้องเรียน!CL:CL,"") -> 0 | Q86: =COUNTIFS(เรื่องร้องเรียน!E:E,"3",เรื่องร้องเรียน!N:N,"ธนบุรี",เรื่องร้องเรียน!AN:AN,"บุปผาราม",เรื่องร้องเรียน!AQ:AQ,"1",เรื่องร้องเรียน!CL:CL,"") -> 0 | R86: =COUNTIFS(เรื่องร้องเรียน!E:E,"4",เรื่องร้องเรียน!N:N,"ธนบุรี",เรื่องร้องเรียน!AN:AN,"บุปผาราม",เรื่องร้องเรียน!AQ:AQ,"1",เรื่องร้องเรียน!CL:CL,"") -> 0 | T86: =SUM(O86:S86) -> 0 | U86: =M86-N86-T86 -> 0 | W86: =SUM(M86-N86) -> 0
B87: สำเหร่ | C87: =COUNTIFS(เรื่องร้องเรียน!E:E,"1",เรื่องร้องเรียน!N:N,"ธนบุรี",เรื่องร้องเรียน!AN:AN,"สำเหร่") -> 0 | D87: =COUNTIFS(เรื่องร้องเรียน!E:E,"1",เรื่องร้องเรียน!N:N,"ธนบุรี",เรื่องร้องเรียน!AN:AN,"สำเหร่",เรื่องร้องเรียน!CL:CL,"1") -> 0 | E87: =COUNTIFS(เรื่องร้องเรียน!E:E,"2",เรื่องร้องเรียน!N:N,"ธนบุรี",เรื่องร้องเรียน!AN:AN,"สำเหร่") -> 0 | F87: =COUNTIFS(เรื่องร้องเรียน!E:E,"2",เรื่องร้องเรียน!N:N,"ธนบุรี",เรื่องร้องเรียน!AN:AN,"สำเหร่",เรื่องร้องเรียน!CL:CL,"1") -> 0 | G87: =COUNTIFS(เรื่องร้องเรียน!E:E,"3",เรื่องร้องเรียน!N:N,"ธนบุรี",เรื่องร้องเรียน!AN:AN,"สำเหร่") -> 0 | H87: =COUNTIFS(เรื่องร้องเรียน!E:E,"3",เรื่องร้องเรียน!N:N,"ธนบุรี",เรื่องร้องเรียน!AN:AN,"สำเหร่",เรื่องร้องเรียน!CL:CL,"1") -> 0 | I87: =COUNTIFS(เรื่องร้องเรียน!E:E,"4",เรื่องร้องเรียน!N:N,"ธนบุรี",เรื่องร้องเรียน!AN:AN,"สำเหร่") -> 0 | J87: =COUNTIFS(เรื่องร้องเรียน!E:E,"4",เรื่องร้องเรียน!N:N,"ธนบุรี",เรื่องร้องเรียน!AN:AN,"สำเหร่",เรื่องร้องเรียน!CL:CL,"1") -> 0 | M87: =SUM(C87,E87,G87,I87,K87) -> 0 | N87: =SUM(D87,F87,H87,J87,L87) -> 0 | O87: =COUNTIFS(เรื่องร้องเรียน!E:E,"1",เรื่องร้องเรียน!N:N,"ธนบุรี",เรื่องร้องเรียน!AN:AN,"สำเหร่",เรื่องร้องเรียน!AQ:AQ,"1",เรื่องร้องเรียน!CL:CL,"") -> 0 | P87: =COUNTIFS(เรื่องร้องเรียน!E:E,"2",เรื่องร้องเรียน!N:N,"ธนบุรี",เรื่องร้องเรียน!AN:AN,"สำเหร่",เรื่องร้องเรียน!AQ:AQ,"1",เรื่องร้องเรียน!CL:CL,"") -> 0 | Q87: =COUNTIFS(เรื่องร้องเรียน!E:E,"3",เรื่องร้องเรียน!N:N,"ธนบุรี",เรื่องร้องเรียน!AN:AN,"สำเหร่",เรื่องร้องเรียน!AQ:AQ,"1",เรื่องร้องเรียน!CL:CL,"") -> 0 | R87: =COUNTIFS(เรื่องร้องเรียน!E:E,"4",เรื่องร้องเรียน!N:N,"ธนบุรี",เรื่องร้องเรียน!AN:AN,"สำเหร่",เรื่องร้องเรียน!AQ:AQ,"1",เรื่องร้องเรียน!CL:CL,"") -> 0 | T87: =SUM(O87:S87) -> 0 | U87: =M87-N87-T87 -> 0 | W87: =SUM(M87-N87) -> 0
A88: บางกอกน้อย | B88: รวม | C88: =SUM(C89:C94 ) -> 0 | D88: =SUM(D89:D94 ) -> 0 | E88: =SUM(E89:E94 ) -> 0 | F88: =SUM(F89:F94 ) -> 0 | G88: =SUM(G89:G94 ) -> 0 | H88: =SUM(H89:H94 ) -> 0 | I88: =SUM(I89:I94 ) -> 0 | J88: =SUM(J89:J94 ) -> 0 | ... N88: =SUM(N89:N94 ) -> 0 | O88: =SUM(O89:O94) -> 0 | P88: =SUM(P89:P94) -> 0 | Q88: =SUM(Q89:Q94) -> 0 | R88: =SUM(R89:R94) -> 0 | S88: =SUM(S89:S94) -> 0 | T88: =SUM(T89:T94) -> 0 | U88: =M88-N88-T88 -> 0 | W88: =SUM(M88-N88) -> 0
B89: สปพ. | K89: =COUNTIFS(เรื่องร้องเรียน!E:E,"5",เรื่องร้องเรียน!N:N,"บางกอกน้อย") -> 0 | L89: =COUNTIFS(เรื่องร้องเรียน!E:E,"5",เรื่องร้องเรียน!N:N,"บางกอกน้อย",เรื่องร้องเรียน!CL:CL,"1") -> 0 | M89: =SUM(C89,E89,G89,I89,K89) -> 0 | N89: =SUM(D89,F89,H89,J89,L89) -> 0 | S89: =COUNTIFS(เรื่องร้องเรียน!E:E,"5",เรื่องร้องเรียน!N:N,"บางกอกน้อย",เรื่องร้องเรียน!AQ:AQ,"1",เรื่องร้องเรียน!CL:CL,"") -> 0 | T89: =SUM(O89:S89) -> 0 | U89: =M89-N89-T89 -> 0 | W89: =SUM(M89-N89) -> 0
B90: บางกอกน้อย | C90: =COUNTIFS(เรื่องร้องเรียน!E:E,"1",เรื่องร้องเรียน!N:N,"บางกอกน้อย",เรื่องร้องเรียน!AN:AN,"บางกอกน้อย") -> 0 | D90: =COUNTIFS(เรื่องร้องเรียน!E:E,"1",เรื่องร้องเรียน!N:N,"บางกอกน้อย",เรื่องร้องเรียน!AN:AN,"บางกอกน้อย",เรื่องร้องเรียน!CL:CL,"1") -> 0 | E90: =COUNTIFS(เรื่องร้องเรียน!E:E,"2",เรื่องร้องเรียน!N:N,"บางกอกน้อย",เรื่องร้องเรียน!AN:AN,"บางกอกน้อย") -> 0 | F90: =COUNTIFS(เรื่องร้องเรียน!E:E,"2",เรื่องร้องเรียน!N:N,"บางกอกน้อย",เรื่องร้องเรียน!AN:AN,"บางกอกน้อย",เรื่องร้องเรียน!CL:CL,"1") -> 0 | G90: =COUNTIFS(เรื่องร้องเรียน!E:E,"3",เรื่องร้องเรียน!N:N,"บางกอกน้อย",เรื่องร้องเรียน!AN:AN,"บางกอกน้อย") -> 0 | H90: =COUNTIFS(เรื่องร้องเรียน!E:E,"3",เรื่องร้องเรียน!N:N,"บางกอกน้อย",เรื่องร้องเรียน!AN:AN,"บางกอกน้อย",เรื่องร้องเรียน!CL:CL,"1") -> 0 | I90: =COUNTIFS(เรื่องร้องเรียน!E:E,"4",เรื่องร้องเรียน!N:N,"บางกอกน้อย",เรื่องร้องเรียน!AN:AN,"บางกอกน้อย") -> 0 | J90: =COUNTIFS(เรื่องร้องเรียน!E:E,"4",เรื่องร้องเรียน!N:N,"บางกอกน้อย",เรื่องร้องเรียน!AN:AN,"บางกอกน้อย",เรื่องร้องเรียน!CL:CL,"1") -> 0 | M90: =SUM(C90,E90,G90,I90,K90) -> 0 | N90: =SUM(D90,F90,H90,J90,L90) -> 0 | O90: =COUNTIFS(เรื่องร้องเรียน!E:E,"1",เรื่องร้องเรียน!N:N,"บางกอกน้อย",เรื่องร้องเรียน!AN:AN,"บางกอกน้อย",เรื่องร้องเรียน!AQ:AQ,"1",เรื่องร้องเรียน!CL:CL,"") -> 0 | P90: =COUNTIFS(เรื่องร้องเรียน!E:E,"2",เรื่องร้องเรียน!N:N,"บางกอกน้อย",เรื่องร้องเรียน!AN:AN,"บางกอกน้อย",เรื่องร้องเรียน!AQ:AQ,"1",เรื่องร้องเรียน!CL:CL,"") -> 0 | Q90: =COUNTIFS(เรื่องร้องเรียน!E:E,"3",เรื่องร้องเรียน!N:N,"บางกอกน้อย",เรื่องร้องเรียน!AN:AN,"บางกอกน้อย",เรื่องร้องเรียน!AQ:AQ,"1",เรื่องร้องเรียน!CL:CL,"") -> 0 | R90: =COUNTIFS(เรื่องร้องเรียน!E:E,"4",เรื่องร้องเรียน!N:N,"บางกอกน้อย",เรื่องร้องเรียน!AN:AN,"บางกอกน้อย",เรื่องร้องเรียน!AQ:AQ,"1",เรื่องร้องเรียน!CL:CL,"") -> 0 | T90: =SUM(O90:S90) -> 0 | U90: =M90-N90-T90 -> 0 | V90: ตลิ่งชัน | W90: =SUM(M90-N90) -> 0 | Y90: บางเสาธง
B91: บางขุนนนท์ | C91: =COUNTIFS(เรื่องร้องเรียน!E:E,"1",เรื่องร้องเรียน!N:N,"บางกอกน้อย",เรื่องร้องเรียน!AN:AN,"บางขุนนนท์") -> 0 | D91: =COUNTIFS(เรื่องร้องเรียน!E:E,"1",เรื่องร้องเรียน!N:N,"บางกอกน้อย",เรื่องร้องเรียน!AN:AN,"บางขุนนนท์",เรื่องร้องเรียน!CL:CL,"1") -> 0 | E91: =COUNTIFS(เรื่องร้องเรียน!E:E,"2",เรื่องร้องเรียน!N:N,"บางกอกน้อย",เรื่องร้องเรียน!AN:AN,"บางขุนนนท์") -> 0 | F91: =COUNTIFS(เรื่องร้องเรียน!E:E,"2",เรื่องร้องเรียน!N:N,"บางกอกน้อย",เรื่องร้องเรียน!AN:AN,"บางขุนนนท์",เรื่องร้องเรียน!CL:CL,"1") -> 0 | G91: =COUNTIFS(เรื่องร้องเรียน!E:E,"3",เรื่องร้องเรียน!N:N,"บางกอกน้อย",เรื่องร้องเรียน!AN:AN,"บางขุนนนท์") -> 0 | H91: =COUNTIFS(เรื่องร้องเรียน!E:E,"3",เรื่องร้องเรียน!N:N,"บางกอกน้อย",เรื่องร้องเรียน!AN:AN,"บางขุนนนท์",เรื่องร้องเรียน!CL:CL,"1") -> 0 | I91: =COUNTIFS(เรื่องร้องเรียน!E:E,"4",เรื่องร้องเรียน!N:N,"บางกอกน้อย",เรื่องร้องเรียน!AN:AN,"บางขุนนนท์") -> 0 | J91: =COUNTIFS(เรื่องร้องเรียน!E:E,"4",เรื่องร้องเรียน!N:N,"บางกอกน้อย",เรื่องร้องเรียน!AN:AN,"บางขุนนนท์",เรื่องร้องเรียน!CL:CL,"1") -> 0 | M91: =SUM(C91,E91,G91,I91,K91) -> 0 | N91: =SUM(D91,F91,H91,J91,L91) -> 0 | O91: =COUNTIFS(เรื่องร้องเรียน!E:E,"1",เรื่องร้องเรียน!N:N,"บางกอกน้อย",เรื่องร้องเรียน!AN:AN,"บางขุนนนท์",เรื่องร้องเรียน!AQ:AQ,"1",เรื่องร้องเรียน!CL:CL,"") -> 0 | P91: =COUNTIFS(เรื่องร้องเรียน!E:E,"2",เรื่องร้องเรียน!N:N,"บางกอกน้อย",เรื่องร้องเรียน!AN:AN,"บางขุนนนท์",เรื่องร้องเรียน!AQ:AQ,"1",เรื่องร้องเรียน!CL:CL,"") -> 0 | Q91: =COUNTIFS(เรื่องร้องเรียน!E:E,"3",เรื่องร้องเรียน!N:N,"บางกอกน้อย",เรื่องร้องเรียน!AN:AN,"บางขุนนนท์",เรื่องร้องเรียน!AQ:AQ,"1",เรื่องร้องเรียน!CL:CL,"") -> 0 | R91: =COUNTIFS(เรื่องร้องเรียน!E:E,"4",เรื่องร้องเรียน!N:N,"บางกอกน้อย",เรื่องร้องเรียน!AN:AN,"บางขุนนนท์",เรื่องร้องเรียน!AQ:AQ,"1",เรื่องร้องเรียน!CL:CL,"") -> 0 | T91: =SUM(O91:S91) -> 0 | U91: =M91-N91-T91 -> 0 | W91: =SUM(M91-N91) -> 0
B92: บางยี่ขัน | C92: =COUNTIFS(เรื่องร้องเรียน!E:E,"1",เรื่องร้องเรียน!N:N,"บางกอกน้อย",เรื่องร้องเรียน!AN:AN,"บางยี่ขัน") -> 0 | D92: =COUNTIFS(เรื่องร้องเรียน!E:E,"1",เรื่องร้องเรียน!N:N,"บางกอกน้อย",เรื่องร้องเรียน!AN:AN,"บางยี่ขัน",เรื่องร้องเรียน!CL:CL,"1") -> 0 | E92: =COUNTIFS(เรื่องร้องเรียน!E:E,"2",เรื่องร้องเรียน!N:N,"บางกอกน้อย",เรื่องร้องเรียน!AN:AN,"บางยี่ขัน") -> 0 | F92: =COUNTIFS(เรื่องร้องเรียน!E:E,"2",เรื่องร้องเรียน!N:N,"บางกอกน้อย",เรื่องร้องเรียน!AN:AN,"บางยี่ขัน",เรื่องร้องเรียน!CL:CL,"1") -> 0 | G92: =COUNTIFS(เรื่องร้องเรียน!E:E,"3",เรื่องร้องเรียน!N:N,"บางกอกน้อย",เรื่องร้องเรียน!AN:AN,"บางยี่ขัน") -> 0 | H92: =COUNTIFS(เรื่องร้องเรียน!E:E,"3",เรื่องร้องเรียน!N:N,"บางกอกน้อย",เรื่องร้องเรียน!AN:AN,"บางยี่ขัน",เรื่องร้องเรียน!CL:CL,"1") -> 0 | I92: =COUNTIFS(เรื่องร้องเรียน!E:E,"4",เรื่องร้องเรียน!N:N,"บางกอกน้อย",เรื่องร้องเรียน!AN:AN,"บางยี่ขัน") -> 0 | J92: =COUNTIFS(เรื่องร้องเรียน!E:E,"4",เรื่องร้องเรียน!N:N,"บางกอกน้อย",เรื่องร้องเรียน!AN:AN,"บางยี่ขัน",เรื่องร้องเรียน!CL:CL,"1") -> 0 | M92: =SUM(C92,E92,G92,I92,K92) -> 0 | N92: =SUM(D92,F92,H92,J92,L92) -> 0 | O92: =COUNTIFS(เรื่องร้องเรียน!E:E,"1",เรื่องร้องเรียน!N:N,"บางกอกน้อย",เรื่องร้องเรียน!AN:AN,"บางยี่ขัน",เรื่องร้องเรียน!AQ:AQ,"1",เรื่องร้องเรียน!CL:CL,"") -> 0 | P92: =COUNTIFS(เรื่องร้องเรียน!E:E,"2",เรื่องร้องเรียน!N:N,"บางกอกน้อย",เรื่องร้องเรียน!AN:AN,"บางยี่ขัน",เรื่องร้องเรียน!AQ:AQ,"1",เรื่องร้องเรียน!CL:CL,"") -> 0 | Q92: =COUNTIFS(เรื่องร้องเรียน!E:E,"3",เรื่องร้องเรียน!N:N,"บางกอกน้อย",เรื่องร้องเรียน!AN:AN,"บางยี่ขัน",เรื่องร้องเรียน!AQ:AQ,"1",เรื่องร้องเรียน!CL:CL,"") -> 0 | R92: =COUNTIFS(เรื่องร้องเรียน!E:E,"4",เรื่องร้องเรียน!N:N,"บางกอกน้อย",เรื่องร้องเรียน!AN:AN,"บางยี่ขัน",เรื่องร้องเรียน!AQ:AQ,"1",เรื่องร้องเรียน!CL:CL,"") -> 0 | T92: =SUM(O92:S92) -> 0 | U92: =M92-N92-T92 -> 0 | W92: =SUM(M92-N92) -> 0
B93: ตลิ่งชัน | C93: =COUNTIFS(เรื่องร้องเรียน!E:E,"1",เรื่องร้องเรียน!N:N,"บางกอกน้อย",เรื่องร้องเรียน!AN:AN,"ตลิ่งชัน") -> 0 | D93: =COUNTIFS(เรื่องร้องเรียน!E:E,"1",เรื่องร้องเรียน!N:N,"บางกอกน้อย",เรื่องร้องเรียน!AN:AN,"ตลิ่งชัน",เรื่องร้องเรียน!CL:CL,"1") -> 0 | E93: =COUNTIFS(เรื่องร้องเรียน!E:E,"2",เรื่องร้องเรียน!N:N,"บางกอกน้อย",เรื่องร้องเรียน!AN:AN,"ตลิ่งชัน") -> 0 | F93: =COUNTIFS(เรื่องร้องเรียน!E:E,"2",เรื่องร้องเรียน!N:N,"บางกอกน้อย",เรื่องร้องเรียน!AN:AN,"ตลิ่งชัน",เรื่องร้องเรียน!CL:CL,"1") -> 0 | G93: =COUNTIFS(เรื่องร้องเรียน!E:E,"3",เรื่องร้องเรียน!N:N,"บางกอกน้อย",เรื่องร้องเรียน!AN:AN,"ตลิ่งชัน") -> 0 | H93: =COUNTIFS(เรื่องร้องเรียน!E:E,"3",เรื่องร้องเรียน!N:N,"บางกอกน้อย",เรื่องร้องเรียน!AN:AN,"ตลิ่งชัน",เรื่องร้องเรียน!CL:CL,"1") -> 0 | I93: =COUNTIFS(เรื่องร้องเรียน!E:E,"4",เรื่องร้องเรียน!N:N,"บางกอกน้อย",เรื่องร้องเรียน!AN:AN,"ตลิ่งชัน") -> 0 | J93: =COUNTIFS(เรื่องร้องเรียน!E:E,"4",เรื่องร้องเรียน!N:N,"บางกอกน้อย",เรื่องร้องเรียน!AN:AN,"ตลิ่งชัน",เรื่องร้องเรียน!CL:CL,"1") -> 0 | M93: =SUM(C93,E93,G93,I93,K93) -> 0 | N93: =SUM(D93,F93,H93,J93,L93) -> 0 | O93: =COUNTIFS(เรื่องร้องเรียน!E:E,"1",เรื่องร้องเรียน!N:N,"บางกอกน้อย",เรื่องร้องเรียน!AN:AN,"ตลิ่งชัน",เรื่องร้องเรียน!AQ:AQ,"1",เรื่องร้องเรียน!CL:CL,"") -> 0 | P93: =COUNTIFS(เรื่องร้องเรียน!E:E,"2",เรื่องร้องเรียน!N:N,"บางกอกน้อย",เรื่องร้องเรียน!AN:AN,"ตลิ่งชัน",เรื่องร้องเรียน!AQ:AQ,"1",เรื่องร้องเรียน!CL:CL,"") -> 0 | Q93: =COUNTIFS(เรื่องร้องเรียน!E:E,"3",เรื่องร้องเรียน!N:N,"บางกอกน้อย",เรื่องร้องเรียน!AN:AN,"ตลิ่งชัน",เรื่องร้องเรียน!AQ:AQ,"1",เรื่องร้องเรียน!CL:CL,"") -> 0 | R93: =COUNTIFS(เรื่องร้องเรียน!E:E,"4",เรื่องร้องเรียน!N:N,"บางกอกน้อย",เรื่องร้องเรียน!AN:AN,"ตลิ่งชัน",เรื่องร้องเรียน!AQ:AQ,"1",เรื่องร้องเรียน!CL:CL,"") -> 0 | T93: =SUM(O93:S93) -> 0 | U93: =M93-N93-T93 -> 0 | W93: =SUM(M93-N93) -> 0
B94: บางเสาธง | C94: =COUNTIFS(เรื่องร้องเรียน!E:E,"1",เรื่องร้องเรียน!N:N,"บางกอกน้อย",เรื่องร้องเรียน!AN:AN,"บางเสาธง") -> 0 | D94: =COUNTIFS(เรื่องร้องเรียน!E:E,"1",เรื่องร้องเรียน!N:N,"บางกอกน้อย",เรื่องร้องเรียน!AN:AN,"บางเสาธง",เรื่องร้องเรียน!CL:CL,"1") -> 0 | E94: =COUNTIFS(เรื่องร้องเรียน!E:E,"2",เรื่องร้องเรียน!N:N,"บางกอกน้อย",เรื่องร้องเรียน!AN:AN,"บางเสาธง") -> 0 | F94: =COUNTIFS(เรื่องร้องเรียน!E:E,"2",เรื่องร้องเรียน!N:N,"บางกอกน้อย",เรื่องร้องเรียน!AN:AN,"บางเสาธง",เรื่องร้องเรียน!CL:CL,"1") -> 0 | G94: =COUNTIFS(เรื่องร้องเรียน!E:E,"3",เรื่องร้องเรียน!N:N,"บางกอกน้อย",เรื่องร้องเรียน!AN:AN,"บางเสาธง") -> 0 | H94: =COUNTIFS(เรื่องร้องเรียน!E:E,"3",เรื่องร้องเรียน!N:N,"บางกอกน้อย",เรื่องร้องเรียน!AN:AN,"บางเสาธง",เรื่องร้องเรียน!CL:CL,"1") -> 0 | I94: =COUNTIFS(เรื่องร้องเรียน!E:E,"4",เรื่องร้องเรียน!N:N,"บางกอกน้อย",เรื่องร้องเรียน!AN:AN,"บางเสาธง") -> 0 | J94: =COUNTIFS(เรื่องร้องเรียน!E:E,"4",เรื่องร้องเรียน!N:N,"บางกอกน้อย",เรื่องร้องเรียน!AN:AN,"บางเสาธง",เรื่องร้องเรียน!CL:CL,"1") -> 0 | M94: =SUM(C94,E94,G94,I94,K94) -> 0 | N94: =SUM(D94,F94,H94,J94,L94) -> 0 | O94: =COUNTIFS(เรื่องร้องเรียน!E:E,"1",เรื่องร้องเรียน!N:N,"บางกอกน้อย",เรื่องร้องเรียน!AN:AN,"บางเสาธง",เรื่องร้องเรียน!AQ:AQ,"1",เรื่องร้องเรียน!CL:CL,"") -> 0 | P94: =COUNTIFS(เรื่องร้องเรียน!E:E,"2",เรื่องร้องเรียน!N:N,"บางกอกน้อย",เรื่องร้องเรียน!AN:AN,"บางเสาธง",เรื่องร้องเรียน!AQ:AQ,"1",เรื่องร้องเรียน!CL:CL,"") -> 0 | Q94: =COUNTIFS(เรื่องร้องเรียน!E:E,"3",เรื่องร้องเรียน!N:N,"บางกอกน้อย",เรื่องร้องเรียน!AN:AN,"บางเสาธง",เรื่องร้องเรียน!AQ:AQ,"1",เรื่องร้องเรียน!CL:CL,"") -> 0 | R94: =COUNTIFS(เรื่องร้องเรียน!E:E,"4",เรื่องร้องเรียน!N:N,"บางกอกน้อย",เรื่องร้องเรียน!AN:AN,"บางเสาธง",เรื่องร้องเรียน!AQ:AQ,"1",เรื่องร้องเรียน!CL:CL,"") -> 0 | T94: =SUM(O94:S94) -> 0 | U94: =M94-N94-T94 -> 0 | W94: =SUM(M94-N94) -> 0
A95: บางกอกใหญ่ | B95: รวม | C95: =SUM(C96:C98 ) -> 0 | D95: =SUM(D96:D98 ) -> 0 | E95: =SUM(E96:E98 ) -> 0 | F95: =SUM(F96:F98 ) -> 0 | G95: =SUM(G96:G98 ) -> 0 | H95: =SUM(H96:H98 ) -> 0 | I95: =SUM(I96:I98 ) -> 0 | J95: =SUM(J96:J98 ) -> 0 | ... T95: =SUM(T96:T98 ) -> 0 | U95: =M95-N95-T95 -> 0 | W95: =SUM(M95-N95) -> 0
B96: สปพ. | K96: =COUNTIFS(เรื่องร้องเรียน!E:E,"5",เรื่องร้องเรียน!N:N,"บางกอกใหญ่") -> 0 | L96: =COUNTIFS(เรื่องร้องเรียน!E:E,"5",เรื่องร้องเรียน!N:N,"บางกอกใหญ่",เรื่องร้องเรียน!CL:CL,"1") -> 0 | M96: =SUM(C96,E96,G96,I96,K96) -> 0 | N96: =SUM(D96,F96,H96,J96,L96) -> 0 | S96: =COUNTIFS(เรื่องร้องเรียน!E:E,"5",เรื่องร้องเรียน!N:N,"บางกอกใหญ่",เรื่องร้องเรียน!AQ:AQ,"1",เรื่องร้องเรียน!CL:CL,"") -> 0 | T96: =SUM(O96:S96) -> 0 | U96: =M96-N96-T96 -> 0 | W96: =SUM(M96-N96) -> 0
B97: ท่าพระ | C97: =COUNTIFS(เรื่องร้องเรียน!E:E,"1",เรื่องร้องเรียน!N:N,"บางกอกใหญ่",เรื่องร้องเรียน!AN:AN,"ท่าพระ") -> 0 | D97: =COUNTIFS(เรื่องร้องเรียน!E:E,"1",เรื่องร้องเรียน!N:N,"บางกอกใหญ่",เรื่องร้องเรียน!AN:AN,"ท่าพระ",เรื่องร้องเรียน!CL:CL,"1") -> 0 | E97: =COUNTIFS(เรื่องร้องเรียน!E:E,"2",เรื่องร้องเรียน!N:N,"บางกอกใหญ่",เรื่องร้องเรียน!AN:AN,"ท่าพระ") -> 0 | F97: =COUNTIFS(เรื่องร้องเรียน!E:E,"2",เรื่องร้องเรียน!N:N,"บางกอกใหญ่",เรื่องร้องเรียน!AN:AN,"ท่าพระ",เรื่องร้องเรียน!CL:CL,"1") -> 0 | G97: =COUNTIFS(เรื่องร้องเรียน!E:E,"3",เรื่องร้องเรียน!N:N,"บางกอกใหญ่",เรื่องร้องเรียน!AN:AN,"ท่าพระ") -> 0 | H97: =COUNTIFS(เรื่องร้องเรียน!E:E,"3",เรื่องร้องเรียน!N:N,"บางกอกใหญ่",เรื่องร้องเรียน!AN:AN,"ท่าพระ",เรื่องร้องเรียน!CL:CL,"1") -> 0 | I97: =COUNTIFS(เรื่องร้องเรียน!E:E,"4",เรื่องร้องเรียน!N:N,"บางกอกใหญ่",เรื่องร้องเรียน!AN:AN,"ท่าพระ") -> 0 | J97: =COUNTIFS(เรื่องร้องเรียน!E:E,"4",เรื่องร้องเรียน!N:N,"บางกอกใหญ่",เรื่องร้องเรียน!AN:AN,"ท่าพระ",เรื่องร้องเรียน!CL:CL,"1") -> 0 | M97: =SUM(C97,E97,G97,I97,K97) -> 0 | N97: =SUM(D97,F97,H97,J97,L97) -> 0 | O97: =COUNTIFS(เรื่องร้องเรียน!E:E,"1",เรื่องร้องเรียน!N:N,"บางกอกใหญ่",เรื่องร้องเรียน!AN:AN,"ท่าพระ",เรื่องร้องเรียน!AQ:AQ,"1",เรื่องร้องเรียน!CL:CL,"") -> 0 | P97: =COUNTIFS(เรื่องร้องเรียน!E:E,"2",เรื่องร้องเรียน!N:N,"บางกอกใหญ่",เรื่องร้องเรียน!AN:AN,"ท่าพระ",เรื่องร้องเรียน!AQ:AQ,"1",เรื่องร้องเรียน!CL:CL,"") -> 0 | Q97: =COUNTIFS(เรื่องร้องเรียน!E:E,"3",เรื่องร้องเรียน!N:N,"บางกอกใหญ่",เรื่องร้องเรียน!AN:AN,"ท่าพระ",เรื่องร้องเรียน!AQ:AQ,"1",เรื่องร้องเรียน!CL:CL,"") -> 0 | R97: =COUNTIFS(เรื่องร้องเรียน!E:E,"4",เรื่องร้องเรียน!N:N,"บางกอกใหญ่",เรื่องร้องเรียน!AN:AN,"ท่าพระ",เรื่องร้องเรียน!AQ:AQ,"1",เรื่องร้องเรียน!CL:CL,"") -> 0 | T97: =SUM(O97:S97) -> 0 | U97: =M97-N97-T97 -> 0 | W97: =SUM(M97-N97) -> 0
B98: บางกอกใหญ่ | C98: =COUNTIFS(เรื่องร้องเรียน!E:E,"1",เรื่องร้องเรียน!N:N,"บางกอกใหญ่",เรื่องร้องเรียน!AN:AN,"บางกอกใหญ่") -> 0 | D98: =COUNTIFS(เรื่องร้องเรียน!E:E,"1",เรื่องร้องเรียน!N:N,"บางกอกใหญ่",เรื่องร้องเรียน!AN:AN,"บางกอกใหญ่",เรื่องร้องเรียน!CL:CL,"1") -> 0 | E98: =COUNTIFS(เรื่องร้องเรียน!E:E,"2",เรื่องร้องเรียน!N:N,"บางกอกใหญ่",เรื่องร้องเรียน!AN:AN,"บางกอกใหญ่") -> 0 | F98: =COUNTIFS(เรื่องร้องเรียน!E:E,"2",เรื่องร้องเรียน!N:N,"บางกอกใหญ่",เรื่องร้องเรียน!AN:AN,"บางกอกใหญ่",เรื่องร้องเรียน!CL:CL,"1") -> 0 | G98: =COUNTIFS(เรื่องร้องเรียน!E:E,"3",เรื่องร้องเรียน!N:N,"บางกอกใหญ่",เรื่องร้องเรียน!AN:AN,"บางกอกใหญ่") -> 0 | H98: =COUNTIFS(เรื่องร้องเรียน!E:E,"3",เรื่องร้องเรียน!N:N,"บางกอกใหญ่",เรื่องร้องเรียน!AN:AN,"บางกอกใหญ่",เรื่องร้องเรียน!CL:CL,"1") -> 0 | I98: =COUNTIFS(เรื่องร้องเรียน!E:E,"4",เรื่องร้องเรียน!N:N,"บางกอกใหญ่",เรื่องร้องเรียน!AN:AN,"บางกอกใหญ่") -> 0 | J98: =COUNTIFS(เรื่องร้องเรียน!E:E,"4",เรื่องร้องเรียน!N:N,"บางกอกใหญ่",เรื่องร้องเรียน!AN:AN,"บางกอกใหญ่",เรื่องร้องเรียน!CL:CL,"1") -> 0 | M98: =SUM(C98,E98,G98,I98,K98) -> 0 | N98: =SUM(D98,F98,H98,J98,L98) -> 0 | O98: =COUNTIFS(เรื่องร้องเรียน!E:E,"1",เรื่องร้องเรียน!N:N,"บางกอกใหญ่",เรื่องร้องเรียน!AN:AN,"บางกอกใหญ่",เรื่องร้องเรียน!AQ:AQ,"1",เรื่องร้องเรียน!CL:CL,"") -> 0 | P98: =COUNTIFS(เรื่องร้องเรียน!E:E,"2",เรื่องร้องเรียน!N:N,"บางกอกใหญ่",เรื่องร้องเรียน!AN:AN,"บางกอกใหญ่",เรื่องร้องเรียน!AQ:AQ,"1",เรื่องร้องเรียน!CL:CL,"") -> 0 | Q98: =COUNTIFS(เรื่องร้องเรียน!E:E,"3",เรื่องร้องเรียน!N:N,"บางกอกใหญ่",เรื่องร้องเรียน!AN:AN,"บางกอกใหญ่",เรื่องร้องเรียน!AQ:AQ,"1",เรื่องร้องเรียน!CL:CL,"") -> 0 | R98: =COUNTIFS(เรื่องร้องเรียน!E:E,"4",เรื่องร้องเรียน!N:N,"บางกอกใหญ่",เรื่องร้องเรียน!AN:AN,"บางกอกใหญ่",เรื่องร้องเรียน!AQ:AQ,"1",เรื่องร้องเรียน!CL:CL,"") -> 0 | T98: =SUM(O98:S98) -> 0 | U98: =M98-N98-T98 -> 0 | W98: =SUM(M98-N98) -> 0
A99: บางกะปิ | B99: รวม | C99: =SUM(C100:C106 ) -> 0 | D99: =SUM(D100:D106) -> 0 | E99: =SUM(E100:E106 ) -> 0 | F99: =SUM(F100:F106 ) -> 0 | G99: =SUM(G100:G106 ) -> 0 | H99: =SUM(H100:H106 ) -> 0 | I99: =SUM(I100:I106 ) -> 0 | J99: =SUM(J100:J106 ) -> 0 | K99: =SUM(K100:K106 ) -> 0 | L99: =SUM(L100:L106 ) -> 0 | ... N99: =SUM(N100:N106 ) -> 0 | O99: =SUM(O100:O106) -> 0 | P99: =SUM(P100:P106) -> 0 | Q99: =SUM(Q100:Q106) -> 0 | R99: =SUM(R100:R106) -> 0 | S99: =SUM(S100:S106) -> 0 | T99: =SUM(T100:T106) -> 0 | U99: =M99-N99-T99 -> 0 | W99: =SUM(M99-N99) -> 0
B100: สปพ. | K100: =COUNTIFS(เรื่องร้องเรียน!E:E,"5",เรื่องร้องเรียน!N:N,"บางกะปิ") -> 0 | L100: =COUNTIFS(เรื่องร้องเรียน!E:E,"5",เรื่องร้องเรียน!N:N,"บางกะปิ",เรื่องร้องเรียน!CL:CL,"1") -> 0 | M100: =SUM(C100,E100,G100,I100,K100) -> 0 | N100: =SUM(D100,F100,H100,J100,L100) -> 0 | S100: =COUNTIFS(เรื่องร้องเรียน!E:E,"5",เรื่องร้องเรียน!N:N,"บางกะปิ",เรื่องร้องเรียน!AQ:AQ,"1",เรื่องร้องเรียน!CL:CL,"") -> 0 | T100: =SUM(O100:S100) -> 0 | U100: =M100-N100-T100 -> 0 | V100: วังทองหลาง | W100: =SUM(M100-N100) -> 0
...

Sheet กลุ่ม 1-5 - สน.
A1: การดำเนินงานต่อข้อร้องเรียนของประชาชน ปีงบประมาณ 2567 ห้วง (1 ตุลาคม 2566 - 4 มิถุนายน 2567)
A2: จำแนกตาม กลุ่ม 1 - 5/สน.
A3: บก.น. | B3: สน. | C3: รับเรื่อง | O3: ผลดำเนินงานต่อข้อร้องเรียน | U3: รอผล
C4: กลุ่ม 1 | E4: กลุ่ม 2 | G4: กลุ่ม 3 | I4: กลุ่ม 4 | K4: กลุ่ม 5 | M4: รวม | O4: กลุ่ม 1 | P4: กลุ่ม 2 | Q4: กลุ่ม 3 | R4: กลุ่ม 4 | S4: กลุ่ม 5 | T4: รวม
C5: รับ | D5: ซ้ำ | E5: รับ | F5: ซ้ำ | G5: รับ | H5: ซ้ำ | I5: รับ | J5: ซ้ำ | K5: รับ | L5: ซ้ำ | M5: รับ | N5: ซ้ำ
A6: รวม | C6: =SUM(C8,C18,C30,C42,C51,C61,C70,C82,C94) -> 0 | D6: =SUM(D8,D18,D30,D42,D51,D61,D70,D82,D94) -> 0 | E6: =SUM(E8,E18,E30,E42,E51,E61,E70,E82,E94) -> 0 | F6: =SUM(F8,F18,F30,F42,F51,F61,F70,F82,F94) -> 0 | G6: =SUM(G8,G18,G30,G42,G51,G61,G70,G82,G94) -> 0 | H6: =SUM(H8,H18,H30,H42,H51,H61,H70,H82,H94) -> 0 | I6: =SUM(I8,I18,I30,I42,I51,I61,I70,I82,I94) -> 0 | J6: =SUM(J8,J18,J30,J42,J51,J61,J70,J82,J94) -> 0 | K6: =SUM(K7,K8,K18,K30,K42,K51,K61,K70,K82,K94) -> 0 | L6: =SUM(L7,L8,L18,L30,L42,L51,L61,L70,L82,L94) -> 0 | M6: =SUM(M7,M8,M18,M30,M42,M51,M61,M70,M82,M94) -> 0 | N6: =SUM(N7,N8,N18,N30,N42,N51,N61,N70,N82,N94) -> 0 | O6: =SUM(O8,O18,O30,O42,O51,O61,O70,O82,O94) -> 0 | P6: =SUM(P8,P18,P30,P42,P51,P61,P70,P82,P94) -> 0 | Q6: =SUM(Q8,Q18,Q30,Q42,Q51,Q61,Q70,Q82,Q94) -> 0 | R6: =SUM(R8,R18,R30,R42,R51,R61,R70,R82,R94) -> 0 | S6: =SUM(S7,S8,S18,S30,S42,S51,S61,S70,S82,S94) -> 0 | T6: =SUM(T7,T8,T18,T30,T42,T51,T61,T70,T82,T94) -> 0 | U6: =M6-N6-T6 -> 0
A7: สปพ. | K7: =COUNTIFS(เรื่องร้องเรียน!E:E,"5",เรื่องร้องเรียน!AO:AO,">=1") -> 0 | L7: =COUNTIFS(เรื่องร้องเรียน!E:E,"5",เรื่องร้องเรียน!AO:AO,">=1",เรื่องร้องเรียน!CL:CL,"1") -> 0 | M7: =SUM(C7,E7,G7,I7,K7) -> 0 | N7: =SUM(D7,F7,H7,J7,L7) -> 0 | S7: =COUNTIFS(เรื่องร้องเรียน!E:E,"5",เรื่องร้องเรียน!AO:AO,">=1",เรื่องร้องเรียน!AQ:AQ,"1",เรื่องร้องเรียน!CL:CL,"") -> 0 | T7: =SUM(O7:S7) -> 0 | U7: =M7-N7-T7 -> 0
A8: 1 | C8: =SUM(C9:C17) -> 0 | D8: =SUM(D9:D17) -> 0 | E8: =SUM(E9:E17) -> 0 | F8: =SUM(F9:F17) -> 0 | G8: =SUM(G9:G17) -> 0 | H8: =SUM(H9:H17) -> 0 | I8: =SUM(I9:I17) -> 0 | J8: =SUM(J9:J17) -> 0 | M8: =SUM(C8,E8,G8,I8,K8) -> 0 | N8: =SUM(D8,F8,H8,J8,L8) -> 0 | O8: =SUM(O9:O17) -> 0 | P8: =SUM(P9:P17) -> 0 | Q8: =SUM(Q9:Q17) -> 0 | R8: =SUM(R9:R17) -> 0 | T8: =SUM(O8:S8) -> 0 | U8: =M8-N8-T8 -> 0
B9: ชนะสงคราม | C9: =COUNTIFS(เรื่องร้องเรียน!E:E,"1",เรื่องร้องเรียน!AO:AO,"1",เรื่องร้องเรียน!AN:AN,"ชนะสงคราม") -> 0 | D9: =COUNTIFS(เรื่องร้องเรียน!E:E,"1",เรื่องร้องเรียน!AO:AO,"1",เรื่องร้องเรียน!AN:AN,"ชนะสงคราม",เรื่องร้องเรียน!CL:CL,"1") -> 0 | E9: =COUNTIFS(เรื่องร้องเรียน!E:E,"2",เรื่องร้องเรียน!AO:AO,"1",เรื่องร้องเรียน!AN:AN,"ชนะสงคราม") -> 0 | F9: =COUNTIFS(เรื่องร้องเรียน!E:E,"2",เรื่องร้องเรียน!AO:AO,"1",เรื่องร้องเรียน!AN:AN,"ชนะสงคราม",เรื่องร้องเรียน!CL:CL,"1") -> 0 | G9: =COUNTIFS(เรื่องร้องเรียน!E:E,"3",เรื่องร้องเรียน!AO:AO,"1",เรื่องร้องเรียน!AN:AN,"ชนะสงคราม") -> 0 | H9: =COUNTIFS(เรื่องร้องเรียน!E:E,"3",เรื่องร้องเรียน!AO:AO,"1",เรื่องร้องเรียน!AN:AN,"ชนะสงคราม",เรื่องร้องเรียน!CL:CL,"1") -> 0 | I9: =COUNTIFS(เรื่องร้องเรียน!E:E,"4",เรื่องร้องเรียน!AO:AO,"1",เรื่องร้องเรียน!AN:AN,"ชนะสงคราม") -> 0 | J9: =COUNTIFS(เรื่องร้องเรียน!E:E,"4",เรื่องร้องเรียน!AO:AO,"1",เรื่องร้องเรียน!AN:AN,"ชนะสงคราม",เรื่องร้องเรียน!CL:CL,"1") -> 0 | M9: =SUM(C9,E9,G9,I9,K9) -> 0 | N9: =SUM(D9,F9,H9,J9,L9) -> 0 | O9: =COUNTIFS(เรื่องร้องเรียน!E:E,"1",เรื่องร้องเรียน!AO:AO,"1",เรื่องร้องเรียน!AN:AN,"ชนะสงคราม",เรื่องร้องเรียน!AQ:AQ,"1",เรื่องร้องเรียน!CL:CL,"") -> 0 | P9: =COUNTIFS(เรื่องร้องเรียน!E:E,"2",เรื่องร้องเรียน!AO:AO,"1",เรื่องร้องเรียน!AN:AN,"ชนะสงคราม",เรื่องร้องเรียน!AQ:AQ,"1",เรื่องร้องเรียน!CL:CL,"") -> 0 | Q9: =COUNTIFS(เรื่องร้องเรียน!E:E,"3",เรื่องร้องเรียน!AO:AO,"1",เรื่องร้องเรียน!AN:AN,"ชนะสงคราม",เรื่องร้องเรียน!AQ:AQ,"1",เรื่องร้องเรียน!CL:CL,"") -> 0 | R9: =COUNTIFS(เรื่องร้องเรียน!E:E,"4",เรื่องร้องเรียน!AO:AO,"1",เรื่องร้องเรียน!AN:AN,"ชนะสงคราม",เรื่องร้องเรียน!AQ:AQ,"1",เรื่องร้องเรียน!CL:CL,"") -> 0 | T9: =SUM(O9:S9) -> 0 | U9: =M9-N9-T9 -> 0
B10: ดินแดง | C10: =COUNTIFS(เรื่องร้องเรียน!E:E,"1",เรื่องร้องเรียน!AO:AO,"1",เรื่องร้องเรียน!AN:AN,"ดินแดง") -> 0 | D10: =COUNTIFS(เรื่องร้องเรียน!E:E,"1",เรื่องร้องเรียน!AO:AO,"1",เรื่องร้องเรียน!AN:AN,"ดินแดง",เรื่องร้องเรียน!CL:CL,"1") -> 0 | E10: =COUNTIFS(เรื่องร้องเรียน!E:E,"2",เรื่องร้องเรียน!AO:AO,"1",เรื่องร้องเรียน!AN:AN,"ดินแดง") -> 0 | F10: =COUNTIFS(เรื่องร้องเรียน!E:E,"2",เรื่องร้องเรียน!AO:AO,"1",เรื่องร้องเรียน!AN:AN,"ดินแดง",เรื่องร้องเรียน!CL:CL,"1") -> 0 | G10: =COUNTIFS(เรื่องร้องเรียน!E:E,"3",เรื่องร้องเรียน!AO:AO,"1",เรื่องร้องเรียน!AN:AN,"ดินแดง") -> 0 | H10: =COUNTIFS(เรื่องร้องเรียน!E:E,"3",เรื่องร้องเรียน!AO:AO,"1",เรื่องร้องเรียน!AN:AN,"ดินแดง",เรื่องร้องเรียน!CL:CL,"1") -> 0 | I10: =COUNTIFS(เรื่องร้องเรียน!E:E,"4",เรื่องร้องเรียน!AO:AO,"1",เรื่องร้องเรียน!AN:AN,"ดินแดง") -> 0 | J10: =COUNTIFS(เรื่องร้องเรียน!E:E,"4",เรื่องร้องเรียน!AO:AO,"1",เรื่องร้องเรียน!AN:AN,"ดินแดง",เรื่องร้องเรียน!CL:CL,"1") -> 0 | M10: =SUM(C10,E10,G10,I10,K10) -> 0 | N10: =SUM(D10,F10,H10,J10,L10) -> 0 | O10: =COUNTIFS(เรื่องร้องเรียน!E:E,"1",เรื่องร้องเรียน!AO:AO,"1",เรื่องร้องเรียน!AN:AN,"ดินแดง",เรื่องร้องเรียน!AQ:AQ,"1",เรื่องร้องเรียน!CL:CL,"") -> 0 | P10: =COUNTIFS(เรื่องร้องเรียน!E:E,"2",เรื่องร้องเรียน!AO:AO,"1",เรื่องร้องเรียน!AN:AN,"ดินแดง",เรื่องร้องเรียน!AQ:AQ,"1",เรื่องร้องเรียน!CL:CL,"") -> 0 | Q10: =COUNTIFS(เรื่องร้องเรียน!E:E,"3",เรื่องร้องเรียน!AO:AO,"1",เรื่องร้องเรียน!AN:AN,"ดินแดง",เรื่องร้องเรียน!AQ:AQ,"1",เรื่องร้องเรียน!CL:CL,"") -> 0 | R10: =COUNTIFS(เรื่องร้องเรียน!E:E,"4",เรื่องร้องเรียน!AO:AO,"1",เรื่องร้องเรียน!AN:AN,"ดินแดง",เรื่องร้องเรียน!AQ:AQ,"1",เรื่องร้องเรียน!CL:CL,"") -> 0 | T10: =SUM(O10:S10) -> 0 | U10: =M10-N10-T10 -> 0
B11: ดุสิต | C11: =COUNTIFS(เรื่องร้องเรียน!E:E,"1",เรื่องร้องเรียน!AO:AO,"1",เรื่องร้องเรียน!AN:AN,"ดุสิต") -> 0 | D11: =COUNTIFS(เรื่องร้องเรียน!E:E,"1",เรื่องร้องเรียน!AO:AO,"1",เรื่องร้องเรียน!AN:AN,"ดุสิต",เรื่องร้องเรียน!CL:CL,"1") -> 0 | E11: =COUNTIFS(เรื่องร้องเรียน!E:E,"2",เรื่องร้องเรียน!AO:AO,"1",เรื่องร้องเรียน!AN:AN,"ดุสิต") -> 0 | F11: =COUNTIFS(เรื่องร้องเรียน!E:E,"2",เรื่องร้องเรียน!AO:AO,"1",เรื่องร้องเรียน!AN:AN,"ดุสิต",เรื่องร้องเรียน!CL:CL,"1") -> 0 | G11: =COUNTIFS(เรื่องร้องเรียน!E:E,"3",เรื่องร้องเรียน!AO:AO,"1",เรื่องร้องเรียน!AN:AN,"ดุสิต") -> 0 | H11: =COUNTIFS(เรื่องร้องเรียน!E:E,"3",เรื่องร้องเรียน!AO:AO,"1",เรื่องร้องเรียน!AN:AN,"ดุสิต",เรื่องร้องเรียน!CL:CL,"1") -> 0 | I11: =COUNTIFS(เรื่องร้องเรียน!E:E,"4",เรื่องร้องเรียน!AO:AO,"1",เรื่องร้องเรียน!AN:AN,"ดุสิต") -> 0 | J11: =COUNTIFS(เรื่องร้องเรียน!E:E,"4",เรื่องร้องเรียน!AO:AO,"1",เรื่องร้องเรียน!AN:AN,"ดุสิต",เรื่องร้องเรียน!CL:CL,"1") -> 0 | M11: =SUM(C11,E11,G11,I11,K11) -> 0 | N11: =SUM(D11,F11,H11,J11,L11) -> 0 | O11: =COUNTIFS(เรื่องร้องเรียน!E:E,"1",เรื่องร้องเรียน!AO:AO,"1",เรื่องร้องเรียน!AN:AN,"ดุสิต",เรื่องร้องเรียน!AQ:AQ,"1",เรื่องร้องเรียน!CL:CL,"") -> 0 | P11: =COUNTIFS(เรื่องร้องเรียน!E:E,"2",เรื่องร้องเรียน!AO:AO,"1",เรื่องร้องเรียน!AN:AN,"ดุสิต",เรื่องร้องเรียน!AQ:AQ,"1",เรื่องร้องเรียน!CL:CL,"") -> 0 | Q11: =COUNTIFS(เรื่องร้องเรียน!E:E,"3",เรื่องร้องเรียน!AO:AO,"1",เรื่องร้องเรียน!AN:AN,"ดุสิต",เรื่องร้องเรียน!AQ:AQ,"1",เรื่องร้องเรียน!CL:CL,"") -> 0 | R11: =COUNTIFS(เรื่องร้องเรียน!E:E,"4",เรื่องร้องเรียน!AO:AO,"1",เรื่องร้องเรียน!AN:AN,"ดุสิต",เรื่องร้องเรียน!AQ:AQ,"1",เรื่องร้องเรียน!CL:CL,"") -> 0 | T11: =SUM(O11:S11) -> 0 | U11: =M11-N11-T11 -> 0
B12: นางเลิ้ง | C12: =COUNTIFS(เรื่องร้องเรียน!E:E,"1",เรื่องร้องเรียน!AO:AO,"1",เรื่องร้องเรียน!AN:AN,"นางเลิ้ง") -> 0 | D12: =COUNTIFS(เรื่องร้องเรียน!E:E,"1",เรื่องร้องเรียน!AO:AO,"1",เรื่องร้องเรียน!AN:AN,"นางเลิ้ง",เรื่องร้องเรียน!CL:CL,"1") -> 0 | E12: =COUNTIFS(เรื่องร้องเรียน!E:E,"2",เรื่องร้องเรียน!AO:AO,"1",เรื่องร้องเรียน!AN:AN,"นางเลิ้ง") -> 0 | F12: =COUNTIFS(เรื่องร้องเรียน!E:E,"2",เรื่องร้องเรียน!AO:AO,"1",เรื่องร้องเรียน!AN:AN,"นางเลิ้ง",เรื่องร้องเรียน!CL:CL,"1") -> 0 | G12: =COUNTIFS(เรื่องร้องเรียน!E:E,"3",เรื่องร้องเรียน!AO:AO,"1",เรื่องร้องเรียน!AN:AN,"นางเลิ้ง") -> 0 | H12: =COUNTIFS(เรื่องร้องเรียน!E:E,"3",เรื่องร้องเรียน!AO:AO,"1",เรื่องร้องเรียน!AN:AN,"นางเลิ้ง",เรื่องร้องเรียน!CL:CL,"1") -> 0 | I12: =COUNTIFS(เรื่องร้องเรียน!E:E,"4",เรื่องร้องเรียน!AO:AO,"1",เรื่องร้องเรียน!AN:AN,"นางเลิ้ง") -> 0 | J12: =COUNTIFS(เรื่องร้องเรียน!E:E,"4",เรื่องร้องเรียน!AO:AO,"1",เรื่องร้องเรียน!AN:AN,"นางเลิ้ง",เรื่องร้องเรียน!CL:CL,"1") -> 0 | M12: =SUM(C12,E12,G12,I12,K12) -> 0 | N12: =SUM(D12,F12,H12,J12,L12) -> 0 | O12: =COUNTIFS(เรื่องร้องเรียน!E:E,"1",เรื่องร้องเรียน!AO:AO,"1",เรื่องร้องเรียน!AN:AN,"นางเลิ้ง",เรื่องร้องเรียน!AQ:AQ,"1",เรื่องร้องเรียน!CL:CL,"") -> 0 | P12: =COUNTIFS(เรื่องร้องเรียน!E:E,"2",เรื่องร้องเรียน!AO:AO,"1",เรื่องร้องเรียน!AN:AN,"นางเลิ้ง",เรื่องร้องเรียน!AQ:AQ,"1",เรื่องร้องเรียน!CL:CL,"") -> 0 | Q12: =COUNTIFS(เรื่องร้องเรียน!E:E,"3",เรื่องร้องเรียน!AO:AO,"1",เรื่องร้องเรียน!AN:AN,"นางเลิ้ง",เรื่องร้องเรียน!AQ:AQ,"1",เรื่องร้องเรียน!CL:CL,"") -> 0 | R12: =COUNTIFS(เรื่องร้องเรียน!E:E,"4",เรื่องร้องเรียน!AO:AO,"1",เรื่องร้องเรียน!AN:AN,"นางเลิ้ง",เรื่องร้องเรียน!AQ:AQ,"1",เรื่องร้องเรียน!CL:CL,"") -> 0 | T12: =SUM(O12:S12) -> 0 | U12: =M12-N12-T12 -> 0
B13: พญาไท | C13: =COUNTIFS(เรื่องร้องเรียน!E:E,"1",เรื่องร้องเรียน!AO:AO,"1",เรื่องร้องเรียน!AN:AN,"พญาไท") -> 0 | D13: =COUNTIFS(เรื่องร้องเรียน!E:E,"1",เรื่องร้องเรียน!AO:AO,"1",เรื่องร้องเรียน!AN:AN,"พญาไท",เรื่องร้องเรียน!CL:CL,"1") -> 0 | E13: =COUNTIFS(เรื่องร้องเรียน!E:E,"2",เรื่องร้องเรียน!AO:AO,"1",เรื่องร้องเรียน!AN:AN,"พญาไท") -> 0 | F13: =COUNTIFS(เรื่องร้องเรียน!E:E,"2",เรื่องร้องเรียน!AO:AO,"1",เรื่องร้องเรียน!AN:AN,"พญาไท",เรื่องร้องเรียน!CL:CL,"1") -> 0 | G13: =COUNTIFS(เรื่องร้องเรียน!E:E,"3",เรื่องร้องเรียน!AO:AO,"1",เรื่องร้องเรียน!AN:AN,"พญาไท") -> 0 | H13: =COUNTIFS(เรื่องร้องเรียน!E:E,"3",เรื่องร้องเรียน!AO:AO,"1",เรื่องร้องเรียน!AN:AN,"พญาไท",เรื่องร้องเรียน!CL:CL,"1") -> 0 | I13: =COUNTIFS(เรื่องร้องเรียน!E:E,"4",เรื่องร้องเรียน!AO:AO,"1",เรื่องร้องเรียน!AN:AN,"พญาไท") -> 0 | J13: =COUNTIFS(เรื่องร้องเรียน!E:E,"4",เรื่องร้องเรียน!AO:AO,"1",เรื่องร้องเรียน!AN:AN,"พญาไท",เรื่องร้องเรียน!CL:CL,"1") -> 0 | M13: =SUM(C13,E13,G13,I13,K13) -> 0 | N13: =SUM(D13,F13,H13,J13,L13) -> 0 | O13: =COUNTIFS(เรื่องร้องเรียน!E:E,"1",เรื่องร้องเรียน!AO:AO,"1",เรื่องร้องเรียน!AN:AN,"พญาไท",เรื่องร้องเรียน!AQ:AQ,"1",เรื่องร้องเรียน!CL:CL,"") -> 0 | P13: =COUNTIFS(เรื่องร้องเรียน!E:E,"2",เรื่องร้องเรียน!AO:AO,"1",เรื่องร้องเรียน!AN:AN,"พญาไท",เรื่องร้องเรียน!AQ:AQ,"1",เรื่องร้องเรียน!CL:CL,"") -> 0 | Q13: =COUNTIFS(เรื่องร้องเรียน!E:E,"3",เรื่องร้องเรียน!AO:AO,"1",เรื่องร้องเรียน!AN:AN,"พญาไท",เรื่องร้องเรียน!AQ:AQ,"1",เรื่องร้องเรียน!CL:CL,"") -> 0 | R13: =COUNTIFS(เรื่องร้องเรียน!E:E,"4",เรื่องร้องเรียน!AO:AO,"1",เรื่องร้องเรียน!AN:AN,"พญาไท",เรื่องร้องเรียน!AQ:AQ,"1",เรื่องร้องเรียน!CL:CL,"") -> 0 | T13: =SUM(O13:S13) -> 0 | U13: =M13-N13-T13 -> 0
B14: มักกะสัน | C14: =COUNTIFS(เรื่องร้องเรียน!E:E,"1",เรื่องร้องเรียน!AO:AO,"1",เรื่องร้องเรียน!AN:AN,"มักกะสัน") -> 0 | D14: =COUNTIFS(เรื่องร้องเรียน!E:E,"1",เรื่องร้องเรียน!AO:AO,"1",เรื่องร้องเรียน!AN:AN,"มักกะสัน",เรื่องร้องเรียน!CL:CL,"1") -> 0 | E14: =COUNTIFS(เรื่องร้องเรียน!E:E,"2",เรื่องร้องเรียน!AO:AO,"1",เรื่องร้องเรียน!AN:AN,"มักกะสัน") -> 0 | F14: =COUNTIFS(เรื่องร้องเรียน!E:E,"2",เรื่องร้องเรียน!AO:AO,"1",เรื่องร้องเรียน!AN:AN,"มักกะสัน",เรื่องร้องเรียน!CL:CL,"1") -> 0 | G14: =COUNTIFS(เรื่องร้องเรียน!E:E,"3",เรื่องร้องเรียน!AO:AO,"1",เรื่องร้องเรียน!AN:AN,"มักกะสัน") -> 0 | H14: =COUNTIFS(เรื่องร้องเรียน!E:E,"3",เรื่องร้องเรียน!AO:AO,"1",เรื่องร้องเรียน!AN:AN,"มักกะสัน",เรื่องร้องเรียน!CL:CL,"1") -> 0 | I14: =COUNTIFS(เรื่องร้องเรียน!E:E,"4",เรื่องร้องเรียน!AO:AO,"1",เรื่องร้องเรียน!AN:AN,"มักกะสัน") -> 0 | J14: =COUNTIFS(เรื่องร้องเรียน!E:E,"4",เรื่องร้องเรียน!AO:AO,"1",เรื่องร้องเรียน!AN:AN,"มักกะสัน",เรื่องร้องเรียน!CL:CL,"1") -> 0 | M14: =SUM(C14,E14,G14,I14,K14) -> 0 | N14: =SUM(D14,F14,H14,J14,L14) -> 0 | O14: =COUNTIFS(เรื่องร้องเรียน!E:E,"1",เรื่องร้องเรียน!AO:AO,"1",เรื่องร้องเรียน!AN:AN,"มักกะสัน",เรื่องร้องเรียน!AQ:AQ,"1",เรื่องร้องเรียน!CL:CL,"") -> 0 | P14: =COUNTIFS(เรื่องร้องเรียน!E:E,"2",เรื่องร้องเรียน!AO:AO,"1",เรื่องร้องเรียน!AN:AN,"มักกะสัน",เรื่องร้องเรียน!AQ:AQ,"1",เรื่องร้องเรียน!CL:CL,"") -> 0 | Q14: =COUNTIFS(เรื่องร้องเรียน!E:E,"3",เรื่องร้องเรียน!AO:AO,"1",เรื่องร้องเรียน!AN:AN,"มักกะสัน",เรื่องร้องเรียน!AQ:AQ,"1",เรื่องร้องเรียน!CL:CL,"") -> 0 | R14: =COUNTIFS(เรื่องร้องเรียน!E:E,"4",เรื่องร้องเรียน!AO:AO,"1",เรื่องร้องเรียน!AN:AN,"มักกะสัน",เรื่องร้องเรียน!AQ:AQ,"1",เรื่องร้องเรียน!CL:CL,"") -> 0 | T14: =SUM(O14:S14) -> 0 | U14: =M14-N14-T14 -> 0
B15: สามเสน | C15: =COUNTIFS(เรื่องร้องเรียน!E:E,"1",เรื่องร้องเรียน!AO:AO,"1",เรื่องร้องเรียน!AN:AN,"สามเสน") -> 0 | D15: =COUNTIFS(เรื่องร้องเรียน!E:E,"1",เรื่องร้องเรียน!AO:AO,"1",เรื่องร้องเรียน!AN:AN,"สามเสน",เรื่องร้องเรียน!CL:CL,"1") -> 0 | E15: =COUNTIFS(เรื่องร้องเรียน!E:E,"2",เรื่องร้องเรียน!AO:AO,"1",เรื่องร้องเรียน!AN:AN,"สามเสน") -> 0 | F15: =COUNTIFS(เรื่องร้องเรียน!E:E,"2",เรื่องร้องเรียน!AO:AO,"1",เรื่องร้องเรียน!AN:AN,"สามเสน",เรื่องร้องเรียน!CL:CL,"1") -> 0 | G15: =COUNTIFS(เรื่องร้องเรียน!E:E,"3",เรื่องร้องเรียน!AO:AO,"1",เรื่องร้องเรียน!AN:AN,"สามเสน") -> 0 | H15: =COUNTIFS(เรื่องร้องเรียน!E:E,"3",เรื่องร้องเรียน!AO:AO,"1",เรื่องร้องเรียน!AN:AN,"สามเสน",เรื่องร้องเรียน!CL:CL,"1") -> 0 | I15: =COUNTIFS(เรื่องร้องเรียน!E:E,"4",เรื่องร้องเรียน!AO:AO,"1",เรื่องร้องเรียน!AN:AN,"สามเสน") -> 0 | J15: =COUNTIFS(เรื่องร้องเรียน!E:E,"4",เรื่องร้องเรียน!AO:AO,"1",เรื่องร้องเรียน!AN:AN,"สามเสน",เรื่องร้องเรียน!CL:CL,"1") -> 0 | M15: =SUM(C15,E15,G15,I15,K15) -> 0 | N15: =SUM(D15,F15,H15,J15,L15) -> 0 | O15: =COUNTIFS(เรื่องร้องเรียน!E:E,"1",เรื่องร้องเรียน!AO:AO,"1",เรื่องร้องเรียน!AN:AN,"สามเสน",เรื่องร้องเรียน!AQ:AQ,"1",เรื่องร้องเรียน!CL:CL,"") -> 0 | P15: =COUNTIFS(เรื่องร้องเรียน!E:E,"2",เรื่องร้องเรียน!AO:AO,"1",เรื่องร้องเรียน!AN:AN,"สามเสน",เรื่องร้องเรียน!AQ:AQ,"1",เรื่องร้องเรียน!CL:CL,"") -> 0 | Q15: =COUNTIFS(เรื่องร้องเรียน!E:E,"3",เรื่องร้องเรียน!AO:AO,"1",เรื่องร้องเรียน!AN:AN,"สามเสน",เรื่องร้องเรียน!AQ:AQ,"1",เรื่องร้องเรียน!CL:CL,"") -> 0 | R15: =COUNTIFS(เรื่องร้องเรียน!E:E,"4",เรื่องร้องเรียน!AO:AO,"1",เรื่องร้องเรียน!AN:AN,"สามเสน",เรื่องร้องเรียน!AQ:AQ,"1",เรื่องร้องเรียน!CL:CL,"") -> 0 | T15: =SUM(O15:S15) -> 0 | U15: =M15-N15-T15 -> 0
B16: ห้วยขวาง | C16: =COUNTIFS(เรื่องร้องเรียน!E:E,"1",เรื่องร้องเรียน!AO:AO,"1",เรื่องร้องเรียน!AN:AN,"ห้วยขวาง") -> 0 | D16: =COUNTIFS(เรื่องร้องเรียน!E:E,"1",เรื่องร้องเรียน!AO:AO,"1",เรื่องร้องเรียน!AN:AN,"ห้วยขวาง",เรื่องร้องเรียน!CL:CL,"1") -> 0 | E16: =COUNTIFS(เรื่องร้องเรียน!E:E,"2",เรื่องร้องเรียน!AO:AO,"1",เรื่องร้องเรียน!AN:AN,"ห้วยขวาง") -> 0 | F16: =COUNTIFS(เรื่องร้องเรียน!E:E,"2",เรื่องร้องเรียน!AO:AO,"1",เรื่องร้องเรียน!AN:AN,"ห้วยขวาง",เรื่องร้องเรียน!CL:CL,"1") -> 0 | G16: =COUNTIFS(เรื่องร้องเรียน!E:E,"3",เรื่องร้องเรียน!AO:AO,"1",เรื่องร้องเรียน!AN:AN,"ห้วยขวาง") -> 0 | H16: =COUNTIFS(เรื่องร้องเรียน!E:E,"3",เรื่องร้องเรียน!AO:AO,"1",เรื่องร้องเรียน!AN:AN,"ห้วยขวาง",เรื่องร้องเรียน!CL:CL,"1") -> 0 | I16: =COUNTIFS(เรื่องร้องเรียน!E:E,"4",เรื่องร้องเรียน!AO:AO,"1",เรื่องร้องเรียน!AN:AN,"ห้วยขวาง") -> 0 | J16: =COUNTIFS(เรื่องร้องเรียน!E:E,"4",เรื่องร้องเรียน!AO:AO,"1",เรื่องร้องเรียน!AN:AN,"ห้วยขวาง",เรื่องร้องเรียน!CL:CL,"1") -> 0 | M16: =SUM(C16,E16,G16,I16,K16) -> 0 | N16: =SUM(D16,F16,H16,J16,L16) -> 0 | O16: =COUNTIFS(เรื่องร้องเรียน!E:E,"1",เรื่องร้องเรียน!AO:AO,"1",เรื่องร้องเรียน!AN:AN,"ห้วยขวาง",เรื่องร้องเรียน!AQ:AQ,"1",เรื่องร้องเรียน!CL:CL,"") -> 0 | P16: =COUNTIFS(เรื่องร้องเรียน!E:E,"2",เรื่องร้องเรียน!AO:AO,"1",เรื่องร้องเรียน!AN:AN,"ห้วยขวาง",เรื่องร้องเรียน!AQ:AQ,"1",เรื่องร้องเรียน!CL:CL,"") -> 0 | Q16: =COUNTIFS(เรื่องร้องเรียน!E:E,"3",เรื่องร้องเรียน!AO:AO,"1",เรื่องร้องเรียน!AN:AN,"ห้วยขวาง",เรื่องร้องเรียน!AQ:AQ,"1",เรื่องร้องเรียน!CL:CL,"") -> 0 | R16: =COUNTIFS(เรื่องร้องเรียน!E:E,"4",เรื่องร้องเรียน!AO:AO,"1",เรื่องร้องเรียน!AN:AN,"ห้วยขวาง",เรื่องร้องเรียน!AQ:AQ,"1",เรื่องร้องเรียน!CL:CL,"") -> 0 | T16: =SUM(O16:S16) -> 0 | U16: =M16-N16-T16 -> 0
B17: บางโพ | C17: =COUNTIFS(เรื่องร้องเรียน!E:E,"1",เรื่องร้องเรียน!AO:AO,"1",เรื่องร้องเรียน!AN:AN,"บางโพ") -> 0 | D17: =COUNTIFS(เรื่องร้องเรียน!E:E,"1",เรื่องร้องเรียน!AO:AO,"1",เรื่องร้องเรียน!AN:AN,"บางโพ",เรื่องร้องเรียน!CL:CL,"1") -> 0 | E17: =COUNTIFS(เรื่องร้องเรียน!E:E,"2",เรื่องร้องเรียน!AO:AO,"1",เรื่องร้องเรียน!AN:AN,"บางโพ") -> 0 | F17: =COUNTIFS(เรื่องร้องเรียน!E:E,"2",เรื่องร้องเรียน!AO:AO,"1",เรื่องร้องเรียน!AN:AN,"บางโพ",เรื่องร้องเรียน!CL:CL,"1") -> 0 | G17: =COUNTIFS(เรื่องร้องเรียน!E:E,"3",เรื่องร้องเรียน!AO:AO,"1",เรื่องร้องเรียน!AN:AN,"บางโพ") -> 0 | H17: =COUNTIFS(เรื่องร้องเรียน!E:E,"3",เรื่องร้องเรียน!AO:AO,"1",เรื่องร้องเรียน!AN:AN,"บางโพ",เรื่องร้องเรียน!CL:CL,"1") -> 0 | I17: =COUNTIFS(เรื่องร้องเรียน!E:E,"4",เรื่องร้องเรียน!AO:AO,"1",เรื่องร้องเรียน!AN:AN,"บางโพ") -> 0 | J17: =COUNTIFS(เรื่องร้องเรียน!E:E,"4",เรื่องร้องเรียน!AO:AO,"1",เรื่องร้องเรียน!AN:AN,"บางโพ",เรื่องร้องเรียน!CL:CL,"1") -> 0 | M17: =SUM(C17,E17,G17,I17,K17) -> 0 | N17: =SUM(D17,F17,H17,J17,L17) -> 0 | O17: =COUNTIFS(เรื่องร้องเรียน!E:E,"1",เรื่องร้องเรียน!AO:AO,"1",เรื่องร้องเรียน!AN:AN,"บางโพ",เรื่องร้องเรียน!AQ:AQ,"1",เรื่องร้องเรียน!CL:CL,"") -> 0 | P17: =COUNTIFS(เรื่องร้องเรียน!E:E,"2",เรื่องร้องเรียน!AO:AO,"1",เรื่องร้องเรียน!AN:AN,"บางโพ",เรื่องร้องเรียน!AQ:AQ,"1",เรื่องร้องเรียน!CL:CL,"") -> 0 | Q17: =COUNTIFS(เรื่องร้องเรียน!E:E,"3",เรื่องร้องเรียน!AO:AO,"1",เรื่องร้องเรียน!AN:AN,"บางโพ",เรื่องร้องเรียน!AQ:AQ,"1",เรื่องร้องเรียน!CL:CL,"") -> 0 | R17: =COUNTIFS(เรื่องร้องเรียน!E:E,"4",เรื่องร้องเรียน!AO:AO,"1",เรื่องร้องเรียน!AN:AN,"บางโพ",เรื่องร้องเรียน!AQ:AQ,"1",เรื่องร้องเรียน!CL:CL,"") -> 0 | T17: =SUM(O17:S17) -> 0 | U17: =M17-N17-T17 -> 0
A18: 2 | C18: =SUM(C19:C29) -> 0 | D18: =SUM(D19:D29) -> 0 | E18: =SUM(E19:E29) -> 0 | F18: =SUM(F19:F29) -> 0 | G18: =SUM(G19:G29) -> 0 | H18: =SUM(H19:H29) -> 0 | I18: =SUM(I19:I29) -> 0 | J18: =SUM(J19:J29) -> 0 | M18: =SUM(C18,E18,G18,I18,K18) -> 0 | N18: =SUM(D18,F18,H18,J18,L18) -> 0 | O18: =SUM(O19:O29) -> 0 | P18: =SUM(P19:P29) -> 0 | Q18: =SUM(Q19:Q29) -> 0 | R18: =SUM(R19:R29) -> 0 | T18: =SUM(O18:S18) -> 0 | U18: =M18-N18-T18 -> 0
B19: คันนายาว | C19: =COUNTIFS(เรื่องร้องเรียน!E:E,"1",เรื่องร้องเรียน!AO:AO,"2",เรื่องร้องเรียน!AN:AN,"คันนายาว") -> 0 | D19: =COUNTIFS(เรื่องร้องเรียน!E:E,"1",เรื่องร้องเรียน!AO:AO,"2",เรื่องร้องเรียน!AN:AN,"คันนายาว",เรื่องร้องเรียน!CL:CL,"1") -> 0 | E19: =COUNTIFS(เรื่องร้องเรียน!E:E,"2",เรื่องร้องเรียน!AO:AO,"2",เรื่องร้องเรียน!AN:AN,"คันนายาว") -> 0 | F19: =COUNTIFS(เรื่องร้องเรียน!E:E,"2",เรื่องร้องเรียน!AO:AO,"2",เรื่องร้องเรียน!AN:AN,"คันนายาว",เรื่องร้องเรียน!CL:CL,"1") -> 0 | G19: =COUNTIFS(เรื่องร้องเรียน!E:E,"3",เรื่องร้องเรียน!AO:AO,"2",เรื่องร้องเรียน!AN:AN,"คันนายาว") -> 0 | H19: =COUNTIFS(เรื่องร้องเรียน!E:E,"3",เรื่องร้องเรียน!AO:AO,"2",เรื่องร้องเรียน!AN:AN,"คันนายาว",เรื่องร้องเรียน!CL:CL,"1") -> 0 | I19: =COUNTIFS(เรื่องร้องเรียน!E:E,"4",เรื่องร้องเรียน!AO:AO,"2",เรื่องร้องเรียน!AN:AN,"คันนายาว") -> 0 | J19: =COUNTIFS(เรื่องร้องเรียน!E:E,"4",เรื่องร้องเรียน!AO:AO,"2",เรื่องร้องเรียน!AN:AN,"คันนายาว",เรื่องร้องเรียน!CL:CL,"1") -> 0 | M19: =SUM(C19,E19,G19,I19,K19) -> 0 | N19: =SUM(D19,F19,H19,J19,L19) -> 0 | O19: =COUNTIFS(เรื่องร้องเรียน!E:E,"1",เรื่องร้องเรียน!AO:AO,"2",เรื่องร้องเรียน!AN:AN,"คันนายาว",เรื่องร้องเรียน!AQ:AQ,"1",เรื่องร้องเรียน!CL:CL,"") -> 0 | P19: =COUNTIFS(เรื่องร้องเรียน!E:E,"2",เรื่องร้องเรียน!AO:AO,"2",เรื่องร้องเรียน!AN:AN,"คันนายาว",เรื่องร้องเรียน!AQ:AQ,"1",เรื่องร้องเรียน!CL:CL,"") -> 0 | Q19: =COUNTIFS(เรื่องร้องเรียน!E:E,"3",เรื่องร้องเรียน!AO:AO,"2",เรื่องร้องเรียน!AN:AN,"คันนายาว",เรื่องร้องเรียน!AQ:AQ,"1",เรื่องร้องเรียน!CL:CL,"") -> 0 | R19: =COUNTIFS(เรื่องร้องเรียน!E:E,"4",เรื่องร้องเรียน!AO:AO,"2",เรื่องร้องเรียน!AN:AN,"คันนายาว",เรื่องร้องเรียน!AQ:AQ,"1",เรื่องร้องเรียน!CL:CL,"") -> 0 | T19: =SUM(O19:S19) -> 0 | U19: =M19-N19-T19 -> 0
B20: โคกคราม | C20: =COUNTIFS(เรื่องร้องเรียน!E:E,"1",เรื่องร้องเรียน!AO:AO,"2",เรื่องร้องเรียน!AN:AN,"โคกคราม") -> 0 | D20: =COUNTIFS(เรื่องร้องเรียน!E:E,"1",เรื่องร้องเรียน!AO:AO,"2",เรื่องร้องเรียน!AN:AN,"โคกคราม",เรื่องร้องเรียน!CL:CL,"1") -> 0 | E20: =COUNTIFS(เรื่องร้องเรียน!E:E,"2",เรื่องร้องเรียน!AO:AO,"2",เรื่องร้องเรียน!AN:AN,"โคกคราม") -> 0 | F20: =COUNTIFS(เรื่องร้องเรียน!E:E,"2",เรื่องร้องเรียน!AO:AO,"2",เรื่องร้องเรียน!AN:AN,"โคกคราม",เรื่องร้องเรียน!CL:CL,"1") -> 0 | G20: =COUNTIFS(เรื่องร้องเรียน!E:E,"3",เรื่องร้องเรียน!AO:AO,"2",เรื่องร้องเรียน!AN:AN,"โคกคราม") -> 0 | H20: =COUNTIFS(เรื่องร้องเรียน!E:E,"3",เรื่องร้องเรียน!AO:AO,"2",เรื่องร้องเรียน!AN:AN,"โคกคราม",เรื่องร้องเรียน!CL:CL,"1") -> 0 | I20: =COUNTIFS(เรื่องร้องเรียน!E:E,"4",เรื่องร้องเรียน!AO:AO,"2",เรื่องร้องเรียน!AN:AN,"โคกคราม") -> 0 | J20: =COUNTIFS(เรื่องร้องเรียน!E:E,"4",เรื่องร้องเรียน!AO:AO,"2",เรื่องร้องเรียน!AN:AN,"โคกคราม",เรื่องร้องเรียน!CL:CL,"1") -> 0 | M20: =SUM(C20,E20,G20,I20,K20) -> 0 | N20: =SUM(D20,F20,H20,J20,L20) -> 0 | O20: =COUNTIFS(เรื่องร้องเรียน!E:E,"1",เรื่องร้องเรียน!AO:AO,"2",เรื่องร้องเรียน!AN:AN,"โคกคราม",เรื่องร้องเรียน!AQ:AQ,"1",เรื่องร้องเรียน!CL:CL,"") -> 0 | P20: =COUNTIFS(เรื่องร้องเรียน!E:E,"2",เรื่องร้องเรียน!AO:AO,"2",เรื่องร้องเรียน!AN:AN,"โคกคราม",เรื่องร้องเรียน!AQ:AQ,"1",เรื่องร้องเรียน!CL:CL,"") -> 0 | Q20: =COUNTIFS(เรื่องร้องเรียน!E:E,"3",เรื่องร้องเรียน!AO:AO,"2",เรื่องร้องเรียน!AN:AN,"โคกคราม",เรื่องร้องเรียน!AQ:AQ,"1",เรื่องร้องเรียน!CL:CL,"") -> 0 | R20: =COUNTIFS(เรื่องร้องเรียน!E:E,"4",เรื่องร้องเรียน!AO:AO,"2",เรื่องร้องเรียน!AN:AN,"โคกคราม",เรื่องร้องเรียน!AQ:AQ,"1",เรื่องร้องเรียน!CL:CL,"") -> 0 | T20: =SUM(O20:S20) -> 0 | U20: =M20-N20-T20 -> 0
B21: ดอนเมือง | C21: =COUNTIFS(เรื่องร้องเรียน!E:E,"1",เรื่องร้องเรียน!AO:AO,"2",เรื่องร้องเรียน!AN:AN,"ดอนเมือง") -> 0 | D21: =COUNTIFS(เรื่องร้องเรียน!E:E,"1",เรื่องร้องเรียน!AO:AO,"2",เรื่องร้องเรียน!AN:AN,"ดอนเมือง",เรื่องร้องเรียน!CL:CL,"1") -> 0 | E21: =COUNTIFS(เรื่องร้องเรียน!E:E,"2",เรื่องร้องเรียน!AO:AO,"2",เรื่องร้องเรียน!AN:AN,"ดอนเมือง") -> 0 | F21: =COUNTIFS(เรื่องร้องเรียน!E:E,"2",เรื่องร้องเรียน!AO:AO,"2",เรื่องร้องเรียน!AN:AN,"ดอนเมือง",เรื่องร้องเรียน!CL:CL,"1") -> 0 | G21: =COUNTIFS(เรื่องร้องเรียน!E:E,"3",เรื่องร้องเรียน!AO:AO,"2",เรื่องร้องเรียน!AN:AN,"ดอนเมือง") -> 0 | H21: =COUNTIFS(เรื่องร้องเรียน!E:E,"3",เรื่องร้องเรียน!AO:AO,"2",เรื่องร้องเรียน!AN:AN,"ดอนเมือง",เรื่องร้องเรียน!CL:CL,"1") -> 0 | I21: =COUNTIFS(เรื่องร้องเรียน!E:E,"4",เรื่องร้องเรียน!AO:AO,"2",เรื่องร้องเรียน!AN:AN,"ดอนเมือง") -> 0 | J21: =COUNTIFS(เรื่องร้องเรียน!E:E,"4",เรื่องร้องเรียน!AO:AO,"2",เรื่องร้องเรียน!AN:AN,"ดอนเมือง",เรื่องร้องเรียน!CL:CL,"1") -> 0 | M21: =SUM(C21,E21,G21,I21,K21) -> 0 | N21: =SUM(D21,F21,H21,J21,L21) -> 0 | O21: =COUNTIFS(เรื่องร้องเรียน!E:E,"1",เรื่องร้องเรียน!AO:AO,"2",เรื่องร้องเรียน!AN:AN,"ดอนเมือง",เรื่องร้องเรียน!AQ:AQ,"1",เรื่องร้องเรียน!CL:CL,"") -> 0 | P21: =COUNTIFS(เรื่องร้องเรียน!E:E,"2",เรื่องร้องเรียน!AO:AO,"2",เรื่องร้องเรียน!AN:AN,"ดอนเมือง",เรื่องร้องเรียน!AQ:AQ,"1",เรื่องร้องเรียน!CL:CL,"") -> 0 | Q21: =COUNTIFS(เรื่องร้องเรียน!E:E,"3",เรื่องร้องเรียน!AO:AO,"2",เรื่องร้องเรียน!AN:AN,"ดอนเมือง",เรื่องร้องเรียน!AQ:AQ,"1",เรื่องร้องเรียน!CL:CL,"") -> 0 | R21: =COUNTIFS(เรื่องร้องเรียน!E:E,"4",เรื่องร้องเรียน!AO:AO,"2",เรื่องร้องเรียน!AN:AN,"ดอนเมือง",เรื่องร้องเรียน!AQ:AQ,"1",เรื่องร้องเรียน!CL:CL,"") -> 0 | T21: =SUM(O21:S21) -> 0 | U21: =M21-N21-T21 -> 0
B22: เตาปูน | C22: =COUNTIFS(เรื่องร้องเรียน!E:E,"1",เรื่องร้องเรียน!AO:AO,"2",เรื่องร้องเรียน!AN:AN,"เตาปูน") -> 0 | D22: =COUNTIFS(เรื่องร้องเรียน!E:E,"1",เรื่องร้องเรียน!AO:AO,"2",เรื่องร้องเรียน!AN:AN,"เตาปูน",เรื่องร้องเรียน!CL:CL,"1") -> 0 | E22: =COUNTIFS(เรื่องร้องเรียน!E:E,"2",เรื่องร้องเรียน!AO:AO,"2",เรื่องร้องเรียน!AN:AN,"เตาปูน") -> 0 | F22: =COUNTIFS(เรื่องร้องเรียน!E:E,"2",เรื่องร้องเรียน!AO:AO,"2",เรื่องร้องเรียน!AN:AN,"เตาปูน",เรื่องร้องเรียน!CL:CL,"1") -> 0 | G22: =COUNTIFS(เรื่องร้องเรียน!E:E,"3",เรื่องร้องเรียน!AO:AO,"2",เรื่องร้องเรียน!AN:AN,"เตาปูน") -> 0 | H22: =COUNTIFS(เรื่องร้องเรียน!E:E,"3",เรื่องร้องเรียน!AO:AO,"2",เรื่องร้องเรียน!AN:AN,"เตาปูน",เรื่องร้องเรียน!CL:CL,"1") -> 0 | I22: =COUNTIFS(เรื่องร้องเรียน!E:E,"4",เรื่องร้องเรียน!AO:AO,"2",เรื่องร้องเรียน!AN:AN,"เตาปูน") -> 0 | J22: =COUNTIFS(เรื่องร้องเรียน!E:E,"4",เรื่องร้องเรียน!AO:AO,"2",เรื่องร้องเรียน!AN:AN,"เตาปูน",เรื่องร้องเรียน!CL:CL,"1") -> 0 | M22: =SUM(C22,E22,G22,I22,K22) -> 0 | N22: =SUM(D22,F22,H22,J22,L22) -> 0 | O22: =COUNTIFS(เรื่องร้องเรียน!E:E,"1",เรื่องร้องเรียน!AO:AO,"2",เรื่องร้องเรียน!AN:AN,"เตาปูน",เรื่องร้องเรียน!AQ:AQ,"1",เรื่องร้องเรียน!CL:CL,"") -> 0 | P22: =COUNTIFS(เรื่องร้องเรียน!E:E,"2",เรื่องร้องเรียน!AO:AO,"2",เรื่องร้องเรียน!AN:AN,"เตาปูน",เรื่องร้องเรียน!AQ:AQ,"1",เรื่องร้องเรียน!CL:CL,"") -> 0 | Q22: =COUNTIFS(เรื่องร้องเรียน!E:E,"3",เรื่องร้องเรียน!AO:AO,"2",เรื่องร้องเรียน!AN:AN,"เตาปูน",เรื่องร้องเรียน!AQ:AQ,"1",เรื่องร้องเรียน!CL:CL,"") -> 0 | R22: =COUNTIFS(เรื่องร้องเรียน!E:E,"4",เรื่องร้องเรียน!AO:AO,"2",เรื่องร้องเรียน!AN:AN,"เตาปูน",เรื่องร้องเรียน!AQ:AQ,"1",เรื่องร้องเรียน!CL:CL,"") -> 0 | T22: =SUM(O22:S22) -> 0 | U22: =M22-N22-T22 -> 0
B23: ทุ่งสองห้อง | C23: =COUNTIFS(เรื่องร้องเรียน!E:E,"1",เรื่องร้องเรียน!AO:AO,"2",เรื่องร้องเรียน!AN:AN,"ทุ่งสองห้อง") -> 0 | D23: =COUNTIFS(เรื่องร้องเรียน!E:E,"1",เรื่องร้องเรียน!AO:AO,"2",เรื่องร้องเรียน!AN:AN,"ทุ่งสองห้อง",เรื่องร้องเรียน!CL:CL,"1") -> 0 | E23: =COUNTIFS(เรื่องร้องเรียน!E:E,"2",เรื่องร้องเรียน!AO:AO,"2",เรื่องร้องเรียน!AN:AN,"ทุ่งสองห้อง") -> 0 | F23: =COUNTIFS(เรื่องร้องเรียน!E:E,"2",เรื่องร้องเรียน!AO:AO,"2",เรื่องร้องเรียน!AN:AN,"ทุ่งสองห้อง",เรื่องร้องเรียน!CL:CL,"1") -> 0 | G23: =COUNTIFS(เรื่องร้องเรียน!E:E,"3",เรื่องร้องเรียน!AO:AO,"2",เรื่องร้องเรียน!AN:AN,"ทุ่งสองห้อง") -> 0 | H23: =COUNTIFS(เรื่องร้องเรียน!E:E,"3",เรื่องร้องเรียน!AO:AO,"2",เรื่องร้องเรียน!AN:AN,"ทุ่งสองห้อง",เรื่องร้องเรียน!CL:CL,"1") -> 0 | I23: =COUNTIFS(เรื่องร้องเรียน!E:E,"4",เรื่องร้องเรียน!AO:AO,"2",เรื่องร้องเรียน!AN:AN,"ทุ่งสองห้อง") -> 0 | J23: =COUNTIFS(เรื่องร้องเรียน!E:E,"4",เรื่องร้องเรียน!AO:AO,"2",เรื่องร้องเรียน!AN:AN,"ทุ่งสองห้อง",เรื่องร้องเรียน!CL:CL,"1") -> 0 | M23: =SUM(C23,E23,G23,I23,K23) -> 0 | N23: =SUM(D23,F23,H23,J23,L23) -> 0 | O23: =COUNTIFS(เรื่องร้องเรียน!E:E,"1",เรื่องร้องเรียน!AO:AO,"2",เรื่องร้องเรียน!AN:AN,"ทุ่งสองห้อง",เรื่องร้องเรียน!AQ:AQ,"1",เรื่องร้องเรียน!CL:CL,"") -> 0 | P23: =COUNTIFS(เรื่องร้องเรียน!E:E,"2",เรื่องร้องเรียน!AO:AO,"2",เรื่องร้องเรียน!AN:AN,"ทุ่งสองห้อง",เรื่องร้องเรียน!AQ:AQ,"1",เรื่องร้องเรียน!CL:CL,"") -> 0 | Q23: =COUNTIFS(เรื่องร้องเรียน!E:E,"3",เรื่องร้องเรียน!AO:AO,"2",เรื่องร้องเรียน!AN:AN,"ทุ่งสองห้อง",เรื่องร้องเรียน!AQ:AQ,"1",เรื่องร้องเรียน!CL:CL,"") -> 0 | R23: =COUNTIFS(เรื่องร้องเรียน!E:E,"4",เรื่องร้องเรียน!AO:AO,"2",เรื่องร้องเรียน!AN:AN,"ทุ่งสองห้อง",เรื่องร้องเรียน!AQ:AQ,"1",เรื่องร้องเรียน!CL:CL,"") -> 0 | T23: =SUM(O23:S23) -> 0 | U23: =M23-N23-T23 -> 0
B24: บางเขน | C24: =COUNTIFS(เรื่องร้องเรียน!E:E,"1",เรื่องร้องเรียน!AO:AO,"2",เรื่องร้องเรียน!AN:AN,"บางเขน") -> 0 | D24: =COUNTIFS(เรื่องร้องเรียน!E:E,"1",เรื่องร้องเรียน!AO:AO,"2",เรื่องร้องเรียน!AN:AN,"บางเขน",เรื่องร้องเรียน!CL:CL,"1") -> 0 | E24: =COUNTIFS(เรื่องร้องเรียน!E:E,"2",เรื่องร้องเรียน!AO:AO,"2",เรื่องร้องเรียน!AN:AN,"บางเขน") -> 0 | F24: =COUNTIFS(เรื่องร้องเรียน!E:E,"2",เรื่องร้องเรียน!AO:AO,"2",เรื่องร้องเรียน!AN:AN,"บางเขน",เรื่องร้องเรียน!CL:CL,"1") -> 0 | G24: =COUNTIFS(เรื่องร้องเรียน!E:E,"3",เรื่องร้องเรียน!AO:AO,"2",เรื่องร้องเรียน!AN:AN,"บางเขน") -> 0 | H24: =COUNTIFS(เรื่องร้องเรียน!E:E,"3",เรื่องร้องเรียน!AO:AO,"2",เรื่องร้องเรียน!AN:AN,"บางเขน",เรื่องร้องเรียน!CL:CL,"1") -> 0 | I24: =COUNTIFS(เรื่องร้องเรียน!E:E,"4",เรื่องร้องเรียน!AO:AO,"2",เรื่องร้องเรียน!AN:AN,"บางเขน") -> 0 | J24: =COUNTIFS(เรื่องร้องเรียน!E:E,"4",เรื่องร้องเรียน!AO:AO,"2",เรื่องร้องเรียน!AN:AN,"บางเขน",เรื่องร้องเรียน!CL:CL,"1") -> 0 | M24: =SUM(C24,E24,G24,I24,K24) -> 0 | N24: =SUM(D24,F24,H24,J24,L24) -> 0 | O24: =COUNTIFS(เรื่องร้องเรียน!E:E,"1",เรื่องร้องเรียน!AO:AO,"2",เรื่องร้องเรียน!AN:AN,"บางเขน",เรื่องร้องเรียน!AQ:AQ,"1",เรื่องร้องเรียน!CL:CL,"") -> 0 | P24: =COUNTIFS(เรื่องร้องเรียน!E:E,"2",เรื่องร้องเรียน!AO:AO,"2",เรื่องร้องเรียน!AN:AN,"บางเขน",เรื่องร้องเรียน!AQ:AQ,"1",เรื่องร้องเรียน!CL:CL,"") -> 0 | Q24: =COUNTIFS(เรื่องร้องเรียน!E:E,"3",เรื่องร้องเรียน!AO:AO,"2",เรื่องร้องเรียน!AN:AN,"บางเขน",เรื่องร้องเรียน!AQ:AQ,"1",เรื่องร้องเรียน!CL:CL,"") -> 0 | R24: =COUNTIFS(เรื่องร้องเรียน!E:E,"4",เรื่องร้องเรียน!AO:AO,"2",เรื่องร้องเรียน!AN:AN,"บางเขน",เรื่องร้องเรียน!AQ:AQ,"1",เรื่องร้องเรียน!CL:CL,"") -> 0 | T24: =SUM(O24:S24) -> 0 | U24: =M24-N24-T24 -> 0
B25: บางซื่อ | C25: =COUNTIFS(เรื่องร้องเรียน!E:E,"1",เรื่องร้องเรียน!AO:AO,"2",เรื่องร้องเรียน!AN:AN,"บางซื่อ") -> 0 | D25: =COUNTIFS(เรื่องร้องเรียน!E:E,"1",เรื่องร้องเรียน!AO:AO,"2",เรื่องร้องเรียน!AN:AN,"บางซื่อ",เรื่องร้องเรียน!CL:CL,"1") -> 0 | E25: =COUNTIFS(เรื่องร้องเรียน!E:E,"2",เรื่องร้องเรียน!AO:AO,"2",เรื่องร้องเรียน!AN:AN,"บางซื่อ") -> 0 | F25: =COUNTIFS(เรื่องร้องเรียน!E:E,"2",เรื่องร้องเรียน!AO:AO,"2",เรื่องร้องเรียน!AN:AN,"บางซื่อ",เรื่องร้องเรียน!CL:CL,"1") -> 0 | G25: =COUNTIFS(เรื่องร้องเรียน!E:E,"3",เรื่องร้องเรียน!AO:AO,"2",เรื่องร้องเรียน!AN:AN,"บางซื่อ") -> 0 | H25: =COUNTIFS(เรื่องร้องเรียน!E:E,"3",เรื่องร้องเรียน!AO:AO,"2",เรื่องร้องเรียน!AN:AN,"บางซื่อ",เรื่องร้องเรียน!CL:CL,"1") -> 0 | I25: =COUNTIFS(เรื่องร้องเรียน!E:E,"4",เรื่องร้องเรียน!AO:AO,"2",เรื่องร้องเรียน!AN:AN,"บางซื่อ") -> 0 | J25: =COUNTIFS(เรื่องร้องเรียน!E:E,"4",เรื่องร้องเรียน!AO:AO,"2",เรื่องร้องเรียน!AN:AN,"บางซื่อ",เรื่องร้องเรียน!CL:CL,"1") -> 0 | M25: =SUM(C25,E25,G25,I25,K25) -> 0 | N25: =SUM(D25,F25,H25,J25,L25) -> 0 | O25: =COUNTIFS(เรื่องร้องเรียน!E:E,"1",เรื่องร้องเรียน!AO:AO,"2",เรื่องร้องเรียน!AN:AN,"บางซื่อ",เรื่องร้องเรียน!AQ:AQ,"1",เรื่องร้องเรียน!CL:CL,"") -> 0 | P25: =COUNTIFS(เรื่องร้องเรียน!E:E,"2",เรื่องร้องเรียน!AO:AO,"2",เรื่องร้องเรียน!AN:AN,"บางซื่อ",เรื่องร้องเรียน!AQ:AQ,"1",เรื่องร้องเรียน!CL:CL,"") -> 0 | Q25: =COUNTIFS(เรื่องร้องเรียน!E:E,"3",เรื่องร้องเรียน!AO:AO,"2",เรื่องร้องเรียน!AN:AN,"บางซื่อ",เรื่องร้องเรียน!AQ:AQ,"1",เรื่องร้องเรียน!CL:CL,"") -> 0 | R25: =COUNTIFS(เรื่องร้องเรียน!E:E,"4",เรื่องร้องเรียน!AO:AO,"2",เรื่องร้องเรียน!AN:AN,"บางซื่อ",เรื่องร้องเรียน!AQ:AQ,"1",เรื่องร้องเรียน!CL:CL,"") -> 0 | T25: =SUM(O25:S25) -> 0 | U25: =M25-N25-T25 -> 0
B26: ประชาชื่น | C26: =COUNTIFS(เรื่องร้องเรียน!E:E,"1",เรื่องร้องเรียน!AO:AO,"2",เรื่องร้องเรียน!AN:AN,"ประชาชื่น") -> 0 | D26: =COUNTIFS(เรื่องร้องเรียน!E:E,"1",เรื่องร้องเรียน!AO:AO,"2",เรื่องร้องเรียน!AN:AN,"ประชาชื่น",เรื่องร้องเรียน!CL:CL,"1") -> 0 | E26: =COUNTIFS(เรื่องร้องเรียน!E:E,"2",เรื่องร้องเรียน!AO:AO,"2",เรื่องร้องเรียน!AN:AN,"ประชาชื่น") -> 0 | F26: =COUNTIFS(เรื่องร้องเรียน!E:E,"2",เรื่องร้องเรียน!AO:AO,"2",เรื่องร้องเรียน!AN:AN,"ประชาชื่น",เรื่องร้องเรียน!CL:CL,"1") -> 0 | G26: =COUNTIFS(เรื่องร้องเรียน!E:E,"3",เรื่องร้องเรียน!AO:AO,"2",เรื่องร้องเรียน!AN:AN,"ประชาชื่น") -> 0 | H26: =COUNTIFS(เรื่องร้องเรียน!E:E,"3",เรื่องร้องเรียน!AO:AO,"2",เรื่องร้องเรียน!AN:AN,"ประชาชื่น",เรื่องร้องเรียน!CL:CL,"1") -> 0 | I26: =COUNTIFS(เรื่องร้องเรียน!E:E,"4",เรื่องร้องเรียน!AO:AO,"2",เรื่องร้องเรียน!AN:AN,"ประชาชื่น") -> 0 | J26: =COUNTIFS(เรื่องร้องเรียน!E:E,"4",เรื่องร้องเรียน!AO:AO,"2",เรื่องร้องเรียน!AN:AN,"ประชาชื่น",เรื่องร้องเรียน!CL:CL,"1") -> 0 | M26: =SUM(C26,E26,G26,I26,K26) -> 0 | N26: =SUM(D26,F26,H26,J26,L26) -> 0 | O26: =COUNTIFS(เรื่องร้องเรียน!E:E,"1",เรื่องร้องเรียน!AO:AO,"2",เรื่องร้องเรียน!AN:AN,"ประชาชื่น",เรื่องร้องเรียน!AQ:AQ,"1",เรื่องร้องเรียน!CL:CL,"") -> 0 | P26: =COUNTIFS(เรื่องร้องเรียน!E:E,"2",เรื่องร้องเรียน!AO:AO,"2",เรื่องร้องเรียน!AN:AN,"ประชาชื่น",เรื่องร้องเรียน!AQ:AQ,"1",เรื่องร้องเรียน!CL:CL,"") -> 0 | Q26: =COUNTIFS(เรื่องร้องเรียน!E:E,"3",เรื่องร้องเรียน!AO:AO,"2",เรื่องร้องเรียน!AN:AN,"ประชาชื่น",เรื่องร้องเรียน!AQ:AQ,"1",เรื่องร้องเรียน!CL:CL,"") -> 0 | R26: =COUNTIFS(เรื่องร้องเรียน!E:E,"4",เรื่องร้องเรียน!AO:AO,"2",เรื่องร้องเรียน!AN:AN,"ประชาชื่น",เรื่องร้องเรียน!AQ:AQ,"1",เรื่องร้องเรียน!CL:CL,"") -> 0 | T26: =SUM(O26:S26) -> 0 | U26: =M26-N26-T26 -> 0
B27: พหลโยธิน | C27: =COUNTIFS(เรื่องร้องเรียน!E:E,"1",เรื่องร้องเรียน!AO:AO,"2",เรื่องร้องเรียน!AN:AN,"พหลโยธิน") -> 0 | D27: =COUNTIFS(เรื่องร้องเรียน!E:E,"1",เรื่องร้องเรียน!AO:AO,"2",เรื่องร้องเรียน!AN:AN,"พหลโยธิน",เรื่องร้องเรียน!CL:CL,"1") -> 0 | E27: =COUNTIFS(เรื่องร้องเรียน!E:E,"2",เรื่องร้องเรียน!AO:AO,"2",เรื่องร้องเรียน!AN:AN,"พหลโยธิน") -> 0 | F27: =COUNTIFS(เรื่องร้องเรียน!E:E,"2",เรื่องร้องเรียน!AO:AO,"2",เรื่องร้องเรียน!AN:AN,"พหลโยธิน",เรื่องร้องเรียน!CL:CL,"1") -> 0 | G27: =COUNTIFS(เรื่องร้องเรียน!E:E,"3",เรื่องร้องเรียน!AO:AO,"2",เรื่องร้องเรียน!AN:AN,"พหลโยธิน") -> 0 | H27: =COUNTIFS(เรื่องร้องเรียน!E:E,"3",เรื่องร้องเรียน!AO:AO,"2",เรื่องร้องเรียน!AN:AN,"พหลโยธิน",เรื่องร้องเรียน!CL:CL,"1") -> 0 | I27: =COUNTIFS(เรื่องร้องเรียน!E:E,"4",เรื่องร้องเรียน!AO:AO,"2",เรื่องร้องเรียน!AN:AN,"พหลโยธิน") -> 0 | J27: =COUNTIFS(เรื่องร้องเรียน!E:E,"4",เรื่องร้องเรียน!AO:AO,"2",เรื่องร้องเรียน!AN:AN,"พหลโยธิน",เรื่องร้องเรียน!CL:CL,"1") -> 0 | M27: =SUM(C27,E27,G27,I27,K27) -> 0 | N27: =SUM(D27,F27,H27,J27,L27) -> 0 | O27: =COUNTIFS(เรื่องร้องเรียน!E:E,"1",เรื่องร้องเรียน!AO:AO,"2",เรื่องร้องเรียน!AN:AN,"พหลโยธิน",เรื่องร้องเรียน!AQ:AQ,"1",เรื่องร้องเรียน!CL:CL,"") -> 0 | P27: =COUNTIFS(เรื่องร้องเรียน!E:E,"2",เรื่องร้องเรียน!AO:AO,"2",เรื่องร้องเรียน!AN:AN,"พหลโยธิน",เรื่องร้องเรียน!AQ:AQ,"1",เรื่องร้องเรียน!CL:CL,"") -> 0 | Q27: =COUNTIFS(เรื่องร้องเรียน!E:E,"3",เรื่องร้องเรียน!AO:AO,"2",เรื่องร้องเรียน!AN:AN,"พหลโยธิน",เรื่องร้องเรียน!AQ:AQ,"1",เรื่องร้องเรียน!CL:CL,"") -> 0 | R27: =COUNTIFS(เรื่องร้องเรียน!E:E,"4",เรื่องร้องเรียน!AO:AO,"2",เรื่องร้องเรียน!AN:AN,"พหลโยธิน",เรื่องร้องเรียน!AQ:AQ,"1",เรื่องร้องเรียน!CL:CL,"") -> 0 | T27: =SUM(O27:S27) -> 0 | U27: =M27-N27-T27 -> 0
B28: สายไหม | C28: =COUNTIFS(เรื่องร้องเรียน!E:E,"1",เรื่องร้องเรียน!AO:AO,"2",เรื่องร้องเรียน!AN:AN,"สายไหม") -> 0 | D28: =COUNTIFS(เรื่องร้องเรียน!E:E,"1",เรื่องร้องเรียน!AO:AO,"2",เรื่องร้องเรียน!AN:AN,"สายไหม",เรื่องร้องเรียน!CL:CL,"1") -> 0 | E28: =COUNTIFS(เรื่องร้องเรียน!E:E,"2",เรื่องร้องเรียน!AO:AO,"2",เรื่องร้องเรียน!AN:AN,"สายไหม") -> 0 | F28: =COUNTIFS(เรื่องร้องเรียน!E:E,"2",เรื่องร้องเรียน!AO:AO,"2",เรื่องร้องเรียน!AN:AN,"สายไหม",เรื่องร้องเรียน!CL:CL,"1") -> 0 | G28: =COUNTIFS(เรื่องร้องเรียน!E:E,"3",เรื่องร้องเรียน!AO:AO,"2",เรื่องร้องเรียน!AN:AN,"สายไหม") -> 0 | H28: =COUNTIFS(เรื่องร้องเรียน!E:E,"3",เรื่องร้องเรียน!AO:AO,"2",เรื่องร้องเรียน!AN:AN,"สายไหม",เรื่องร้องเรียน!CL:CL,"1") -> 0 | I28: =COUNTIFS(เรื่องร้องเรียน!E:E,"4",เรื่องร้องเรียน!AO:AO,"2",เรื่องร้องเรียน!AN:AN,"สายไหม") -> 0 | J28: =COUNTIFS(เรื่องร้องเรียน!E:E,"4",เรื่องร้องเรียน!AO:AO,"2",เรื่องร้องเรียน!AN:AN,"สายไหม",เรื่องร้องเรียน!CL:CL,"1") -> 0 | M28: =SUM(C28,E28,G28,I28,K28) -> 0 | N28: =SUM(D28,F28,H28,J28,L28) -> 0 | O28: =COUNTIFS(เรื่องร้องเรียน!E:E,"1",เรื่องร้องเรียน!AO:AO,"2",เรื่องร้องเรียน!AN:AN,"สายไหม",เรื่องร้องเรียน!AQ:AQ,"1",เรื่องร้องเรียน!CL:CL,"") -> 0 | P28: =COUNTIFS(เรื่องร้องเรียน!E:E,"2",เรื่องร้องเรียน!AO:AO,"2",เรื่องร้องเรียน!AN:AN,"สายไหม",เรื่องร้องเรียน!AQ:AQ,"1",เรื่องร้องเรียน!CL:CL,"") -> 0 | Q28: =COUNTIFS(เรื่องร้องเรียน!E:E,"3",เรื่องร้องเรียน!AO:AO,"2",เรื่องร้องเรียน!AN:AN,"สายไหม",เรื่องร้องเรียน!AQ:AQ,"1",เรื่องร้องเรียน!CL:CL,"") -> 0 | R28: =COUNTIFS(เรื่องร้องเรียน!E:E,"4",เรื่องร้องเรียน!AO:AO,"2",เรื่องร้องเรียน!AN:AN,"สายไหม",เรื่องร้องเรียน!AQ:AQ,"1",เรื่องร้องเรียน!CL:CL,"") -> 0 | T28: =SUM(O28:S28) -> 0 | U28: =M28-N28-T28 -> 0
B29: สุทธิสาร | C29: =COUNTIFS(เรื่องร้องเรียน!E:E,"1",เรื่องร้องเรียน!AO:AO,"2",เรื่องร้องเรียน!AN:AN,"สุทธิสาร") -> 0 | D29: =COUNTIFS(เรื่องร้องเรียน!E:E,"1",เรื่องร้องเรียน!AO:AO,"2",เรื่องร้องเรียน!AN:AN,"สุทธิสาร",เรื่องร้องเรียน!CL:CL,"1") -> 0 | E29: =COUNTIFS(เรื่องร้องเรียน!E:E,"2",เรื่องร้องเรียน!AO:AO,"2",เรื่องร้องเรียน!AN:AN,"สุทธิสาร") -> 0 | F29: =COUNTIFS(เรื่องร้องเรียน!E:E,"2",เรื่องร้องเรียน!AO:AO,"2",เรื่องร้องเรียน!AN:AN,"สุทธิสาร",เรื่องร้องเรียน!CL:CL,"1") -> 0 | G29: =COUNTIFS(เรื่องร้องเรียน!E:E,"3",เรื่องร้องเรียน!AO:AO,"2",เรื่องร้องเรียน!AN:AN,"สุทธิสาร") -> 0 | H29: =COUNTIFS(เรื่องร้องเรียน!E:E,"3",เรื่องร้องเรียน!AO:AO,"2",เรื่องร้องเรียน!AN:AN,"สุทธิสาร",เรื่องร้องเรียน!CL:CL,"1") -> 0 | I29: =COUNTIFS(เรื่องร้องเรียน!E:E,"4",เรื่องร้องเรียน!AO:AO,"2",เรื่องร้องเรียน!AN:AN,"สุทธิสาร") -> 0 | J29: =COUNTIFS(เรื่องร้องเรียน!E:E,"4",เรื่องร้องเรียน!AO:AO,"2",เรื่องร้องเรียน!AN:AN,"สุทธิสาร",เรื่องร้องเรียน!CL:CL,"1") -> 0 | M29: =SUM(C29,E29,G29,I29,K29) -> 0 | N29: =SUM(D29,F29,H29,J29,L29) -> 0 | O29: =COUNTIFS(เรื่องร้องเรียน!E:E,"1",เรื่องร้องเรียน!AO:AO,"2",เรื่องร้องเรียน!AN:AN,"สุทธิสาร",เรื่องร้องเรียน!AQ:AQ,"1",เรื่องร้องเรียน!CL:CL,"") -> 0 | P29: =COUNTIFS(เรื่องร้องเรียน!E:E,"2",เรื่องร้องเรียน!AO:AO,"2",เรื่องร้องเรียน!AN:AN,"สุทธิสาร",เรื่องร้องเรียน!AQ:AQ,"1",เรื่องร้องเรียน!CL:CL,"") -> 0 | Q29: =COUNTIFS(เรื่องร้องเรียน!E:E,"3",เรื่องร้องเรียน!AO:AO,"2",เรื่องร้องเรียน!AN:AN,"สุทธิสาร",เรื่องร้องเรียน!AQ:AQ,"1",เรื่องร้องเรียน!CL:CL,"") -> 0 | R29: =COUNTIFS(เรื่องร้องเรียน!E:E,"4",เรื่องร้องเรียน!AO:AO,"2",เรื่องร้องเรียน!AN:AN,"สุทธิสาร",เรื่องร้องเรียน!AQ:AQ,"1",เรื่องร้องเรียน!CL:CL,"") -> 0 | T29: =SUM(O29:S29) -> 0 | U29: =M29-N29-T29 -> 0
A30: 3 | C30: =SUM(C31:C41) -> 0 | D30: =SUM(D31:D41) -> 0 | E30: =SUM(E31:E41) -> 0 | F30: =SUM(F31:F41) -> 0 | G30: =SUM(G31:G41) -> 0 | H30: =SUM(H31:H41) -> 0 | I30: =SUM(I31:I41) -> 0 | J30: =SUM(J31:J41) -> 0 | M30: =SUM(C30,E30,G30,I30,K30) -> 0 | N30: =SUM(D30,F30,H30,J30,L30) -> 0 | O30: =SUM(O31:O41) -> 0 | P30: =SUM(P31:P41) -> 0 | Q30: =SUM(Q31:Q41) -> 0 | R30: =SUM(R31:R41) -> 0 | T30: =SUM(O30:S30) -> 0 | U30: =M30-N30-T30 -> 0
B31: จรเข้น้อย | C31: =COUNTIFS(เรื่องร้องเรียน!E:E,"1",เรื่องร้องเรียน!AO:AO,"3",เรื่องร้องเรียน!AN:AN,"จรเข้น้อย") -> 0 | D31: =COUNTIFS(เรื่องร้องเรียน!E:E,"1",เรื่องร้องเรียน!AO:AO,"3",เรื่องร้องเรียน!AN:AN,"จรเข้น้อย",เรื่องร้องเรียน!CL:CL,"1") -> 0 | E31: =COUNTIFS(เรื่องร้องเรียน!E:E,"2",เรื่องร้องเรียน!AO:AO,"3",เรื่องร้องเรียน!AN:AN,"จรเข้น้อย") -> 0 | F31: =COUNTIFS(เรื่องร้องเรียน!E:E,"2",เรื่องร้องเรียน!AO:AO,"3",เรื่องร้องเรียน!AN:AN,"จรเข้น้อย",เรื่องร้องเรียน!CL:CL,"1") -> 0 | G31: =COUNTIFS(เรื่องร้องเรียน!E:E,"3",เรื่องร้องเรียน!AO:AO,"3",เรื่องร้องเรียน!AN:AN,"จรเข้น้อย") -> 0 | H31: =COUNTIFS(เรื่องร้องเรียน!E:E,"3",เรื่องร้องเรียน!AO:AO,"3",เรื่องร้องเรียน!AN:AN,"จรเข้น้อย",เรื่องร้องเรียน!CL:CL,"1") -> 0 | I31: =COUNTIFS(เรื่องร้องเรียน!E:E,"4",เรื่องร้องเรียน!AO:AO,"3",เรื่องร้องเรียน!AN:AN,"จรเข้น้อย") -> 0 | J31: =COUNTIFS(เรื่องร้องเรียน!E:E,"4",เรื่องร้องเรียน!AO:AO,"3",เรื่องร้องเรียน!AN:AN,"จรเข้น้อย",เรื่องร้องเรียน!CL:CL,"1") -> 0 | M31: =SUM(C31,E31,G31,I31,K31) -> 0 | N31: =SUM(D31,F31,H31,J31,L31) -> 0 | O31: =COUNTIFS(เรื่องร้องเรียน!E:E,"1",เรื่องร้องเรียน!AO:AO,"3",เรื่องร้องเรียน!AN:AN,"จรเข้น้อย",เรื่องร้องเรียน!AQ:AQ,"1",เรื่องร้องเรียน!CL:CL,"") -> 0 | P31: =COUNTIFS(เรื่องร้องเรียน!E:E,"2",เรื่องร้องเรียน!AO:AO,"3",เรื่องร้องเรียน!AN:AN,"จรเข้น้อย",เรื่องร้องเรียน!AQ:AQ,"1",เรื่องร้องเรียน!CL:CL,"") -> 0 | Q31: =COUNTIFS(เรื่องร้องเรียน!E:E,"3",เรื่องร้องเรียน!AO:AO,"3",เรื่องร้องเรียน!AN:AN,"จรเข้น้อย",เรื่องร้องเรียน!AQ:AQ,"1",เรื่องร้องเรียน!CL:CL,"") -> 0 | R31: =COUNTIFS(เรื่องร้องเรียน!E:E,"4",เรื่องร้องเรียน!AO:AO,"3",เรื่องร้องเรียน!AN:AN,"จรเข้น้อย",เรื่องร้องเรียน!AQ:AQ,"1",เรื่องร้องเรียน!CL:CL,"") -> 0 | T31: =SUM(O31:S31) -> 0 | U31: =M31-N31-T31 -> 0
B32: ฉลองกรุง | C32: =COUNTIFS(เรื่องร้องเรียน!E:E,"1",เรื่องร้องเรียน!AO:AO,"3",เรื่องร้องเรียน!AN:AN,"ฉลองกรุง") -> 0 | D32: =COUNTIFS(เรื่องร้องเรียน!E:E,"1",เรื่องร้องเรียน!AO:AO,"3",เรื่องร้องเรียน!AN:AN,"ฉลองกรุง",เรื่องร้องเรียน!CL:CL,"1") -> 0 | E32: =COUNTIFS(เรื่องร้องเรียน!E:E,"2",เรื่องร้องเรียน!AO:AO,"3",เรื่องร้องเรียน!AN:AN,"ฉลองกรุง") -> 0 | F32: =COUNTIFS(เรื่องร้องเรียน!E:E,"2",เรื่องร้องเรียน!AO:AO,"3",เรื่องร้องเรียน!AN:AN,"ฉลองกรุง",เรื่องร้องเรียน!CL:CL,"1") -> 0 | G32: =COUNTIFS(เรื่องร้องเรียน!E:E,"3",เรื่องร้องเรียน!AO:AO,"3",เรื่องร้องเรียน!AN:AN,"ฉลองกรุง") -> 0 | H32: =COUNTIFS(เรื่องร้องเรียน!E:E,"3",เรื่องร้องเรียน!AO:AO,"3",เรื่องร้องเรียน!AN:AN,"ฉลองกรุง",เรื่องร้องเรียน!CL:CL,"1") -> 0 | I32: =COUNTIFS(เรื่องร้องเรียน!E:E,"4",เรื่องร้องเรียน!AO:AO,"3",เรื่องร้องเรียน!AN:AN,"ฉลองกรุง") -> 0 | J32: =COUNTIFS(เรื่องร้องเรียน!E:E,"4",เรื่องร้องเรียน!AO:AO,"3",เรื่องร้องเรียน!AN:AN,"ฉลองกรุง",เรื่องร้องเรียน!CL:CL,"1") -> 0 | M32: =SUM(C32,E32,G32,I32,K32) -> 0 | N32: =SUM(D32,F32,H32,J32,L32) -> 0 | O32: =COUNTIFS(เรื่องร้องเรียน!E:E,"1",เรื่องร้องเรียน!AO:AO,"3",เรื่องร้องเรียน!AN:AN,"ฉลองกรุง",เรื่องร้องเรียน!AQ:AQ,"1",เรื่องร้องเรียน!CL:CL,"") -> 0 | P32: =COUNTIFS(เรื่องร้องเรียน!E:E,"2",เรื่องร้องเรียน!AO:AO,"3",เรื่องร้องเรียน!AN:AN,"ฉลองกรุง",เรื่องร้องเรียน!AQ:AQ,"1",เรื่องร้องเรียน!CL:CL,"") -> 0 | Q32: =COUNTIFS(เรื่องร้องเรียน!E:E,"3",เรื่องร้องเรียน!AO:AO,"3",เรื่องร้องเรียน!AN:AN,"ฉลองกรุง",เรื่องร้องเรียน!AQ:AQ,"1",เรื่องร้องเรียน!CL:CL,"") -> 0 | R32: =COUNTIFS(เรื่องร้องเรียน!E:E,"4",เรื่องร้องเรียน!AO:AO,"3",เรื่องร้องเรียน!AN:AN,"ฉลองกรุง",เรื่องร้องเรียน!AQ:AQ,"1",เรื่องร้องเรียน!CL:CL,"") -> 0 | T32: =SUM(O32:S32) -> 0 | U32: =M32-N32-T32 -> 0
B33: นิมิตรใหม่ | C33: =COUNTIFS(เรื่องร้องเรียน!E:E,"1",เรื่องร้องเรียน!AO:AO,"3",เรื่องร้องเรียน!AN:AN,"นิมิตรใหม่") -> 0 | D33: =COUNTIFS(เรื่องร้องเรียน!E:E,"1",เรื่องร้องเรียน!AO:AO,"3",เรื่องร้องเรียน!AN:AN,"นิมิตรใหม่",เรื่องร้องเรียน!CL:CL,"1") -> 0 | E33: =COUNTIFS(เรื่องร้องเรียน!E:E,"2",เรื่องร้องเรียน!AO:AO,"3",เรื่องร้องเรียน!AN:AN,"นิมิตรใหม่") -> 0 | F33: =COUNTIFS(เรื่องร้องเรียน!E:E,"2",เรื่องร้องเรียน!AO:AO,"3",เรื่องร้องเรียน!AN:AN,"นิมิตรใหม่",เรื่องร้องเรียน!CL:CL,"1") -> 0 | G33: =COUNTIFS(เรื่องร้องเรียน!E:E,"3",เรื่องร้องเรียน!AO:AO,"3",เรื่องร้องเรียน!AN:AN,"นิมิตรใหม่") -> 0 | H33: =COUNTIFS(เรื่องร้องเรียน!E:E,"3",เรื่องร้องเรียน!AO:AO,"3",เรื่องร้องเรียน!AN:AN,"นิมิตรใหม่",เรื่องร้องเรียน!CL:CL,"1") -> 0 | I33: =COUNTIFS(เรื่องร้องเรียน!E:E,"4",เรื่องร้องเรียน!AO:AO,"3",เรื่องร้องเรียน!AN:AN,"นิมิตรใหม่") -> 0 | J33: =COUNTIFS(เรื่องร้องเรียน!E:E,"4",เรื่องร้องเรียน!AO:AO,"3",เรื่องร้องเรียน!AN:AN,"นิมิตรใหม่",เรื่องร้องเรียน!CL:CL,"1") -> 0 | M33: =SUM(C33,E33,G33,I33,K33) -> 0 | N33: =SUM(D33,F33,H33,J33,L33) -> 0 | O33: =COUNTIFS(เรื่องร้องเรียน!E:E,"1",เรื่องร้องเรียน!AO:AO,"3",เรื่องร้องเรียน!AN:AN,"นิมิตรใหม่",เรื่องร้องเรียน!AQ:AQ,"1",เรื่องร้องเรียน!CL:CL,"") -> 0 | P33: =COUNTIFS(เรื่องร้องเรียน!E:E,"2",เรื่องร้องเรียน!AO:AO,"3",เรื่องร้องเรียน!AN:AN,"นิมิตรใหม่",เรื่องร้องเรียน!AQ:AQ,"1",เรื่องร้องเรียน!CL:CL,"") -> 0 | Q33: =COUNTIFS(เรื่องร้องเรียน!E:E,"3",เรื่องร้องเรียน!AO:AO,"3",เรื่องร้องเรียน!AN:AN,"นิมิตรใหม่",เรื่องร้องเรียน!AQ:AQ,"1",เรื่องร้องเรียน!CL:CL,"") -> 0 | R33: =COUNTIFS(เรื่องร้องเรียน!E:E,"4",เรื่องร้องเรียน!AO:AO,"3",เรื่องร้องเรียน!AN:AN,"นิมิตรใหม่",เรื่องร้องเรียน!AQ:AQ,"1",เรื่องร้องเรียน!CL:CL,"") -> 0 | T33: =SUM(O33:S33) -> 0 | U33: =M33-N33-T33 -> 0
